Survived,Pclass,Name,Sex,Age,SibSp,Parch,Ticket,Fare,Cabin,Embarked
0.0,1.0,0.9022471910112361,0.0,0.2711736617240512,0.125,0.0,0.4117647058823529,0.014151057562208049,0.0,0
1.0,0.0,0.5134831460674157,1.0,0.4722292033174164,0.125,0.0,0.45,0.13913573538264068,0.7891156462585034,1
1.0,1.0,0.8898876404494382,1.0,0.32143754712239253,0.0,0.0,0.775,0.015468569817999833,0.0,0
1.0,0.0,0.9887640449438203,1.0,0.4345312892686604,0.125,0.0,0.11029411764705882,0.10364429745562033,0.10884353741496598,0
0.0,1.0,0.8415730337078653,0.0,0.4345312892686604,0.0,0.0,0.3720588235294118,0.015712553569072387,0.0,0
0.0,1.0,0.8404494382022473,0.0,0.34656948982156316,0.0,0.0,0.5308823529411765,0.01650950209357577,0.0,2
0.0,0.0,0.34494382022471914,0.0,0.6732847449107816,0.0,0.0,0.28823529411764703,0.10122885832000206,0.6462585034013605,0
0.0,1.0,0.5235955056179775,0.0,0.01985423473234481,0.375,0.16666666666666666,0.025,0.04113566043083236,0.0,0
1.0,1.0,0.3831460674157304,1.0,0.33400351847197784,0.0,0.3333333333333333,0.054411764705882354,0.021730754366528396,0.0,0
1.0,0.5,0.9629213483146069,1.0,0.17064589092736868,0.125,0.0,0.16323529411764706,0.058694292654020104,0.0,1
1.0,1.0,0.08651685393258428,1.0,0.04498617743151546,0.125,0.16666666666666666,0.19411764705882353,0.03259622914329302,0.02040816326530612,0
1.0,0.0,0.5898876404494382,1.0,0.723548630309123,0.0,0.0,0.5779411764705882,0.051822148727810165,0.5034013605442177,0
0.0,1.0,0.8876404494382023,0.0,0.24604171902488062,0.0,0.0,0.7970588235294117,0.015712553569072387,0.0,0
0.0,1.0,0.06629213483146068,0.0,0.4847951746670017,0.125,0.8333333333333333,0.0,0.06104473451835265,0.0,0
0.0,1.0,0.017977528089887642,1.0,0.17064589092736868,0.0,0.0,0.5632352941176471,0.015330377421392339,0.0,0
1.0,0.5,0.8707865168539327,1.0,0.685850716260367,0.0,0.0,0.3764705882352941,0.03122992013728673,0.0,0
0.0,1.0,0.9898876404494383,0.0,0.01985423473234481,0.5,0.16666666666666666,0.008823529411764706,0.05684821399990475,0.0,2
1.0,0.5,0.7617977528089889,0.0,0.34656948982156316,0.0,0.0,0.9191176470588235,0.025374310111545468,0.0,0
0.0,1.0,0.60561797752809,1.0,0.38426740387031916,0.125,0.0,0.5823529411764706,0.03513366015444757,0.0,0
1.0,1.0,0.5786516853932585,1.0,0.34656948982156316,0.0,0.0,0.8205882352941176,0.014102260811993537,0.0,1
0.0,0.5,0.9595505617977529,0.0,0.4345312892686604,0.0,0.0,0.19117647058823528,0.050748620223090936,0.0,0
1.0,0.5,0.904494382022472,0.0,0.4219653179190751,0.0,0.0,0.4779411764705882,0.025374310111545468,0.7619047619047619,0
1.0,1.0,0.36853932584269666,1.0,0.18321186227695402,0.0,0.0,0.8073529411764706,0.015671954672893913,0.0,2
1.0,0.0,0.6786516853932585,0.0,0.34656948982156316,0.0,0.0,0.525,0.06929138530460494,0.9387755102040816,0
0.0,1.0,0.3438202247191012,1.0,0.09525006282985675,0.375,0.16666666666666666,0.025,0.04113566043083236,0.0,0
1.0,1.0,0.07977528089887641,1.0,0.4722292033174164,0.125,0.8333333333333333,0.026470588235294117,0.06126431989431795,0.0,0
0.0,1.0,0.3460674157303371,0.0,0.34656948982156316,0.0,0.0,0.40147058823529413,0.014102260811993537,0.0,1
0.0,0.0,0.11910112359550563,0.0,0.2334757476752953,0.375,0.3333333333333333,0.013235294117647059,0.5133418122566507,0.013605442176870748,0
1.0,1.0,0.5168539325842697,1.0,0.34656948982156316,0.0,0.0,0.875,0.01537917417160685,0.0,2
0.0,1.0,0.7415730337078652,0.0,0.34656948982156316,0.0,0.0,0.6647058823529411,0.015411575213749286,0.0,0
0.0,0.0,0.6876404494382024,0.0,0.49736114601658704,0.0,0.0,0.7279411764705882,0.05410739813385612,0.0,1
1.0,0.0,0.8426966292134832,1.0,0.34656948982156316,0.125,0.0,0.09264705882352942,0.2859895551532101,0.9319727891156462,1
1.0,1.0,0.2921348314606742,1.0,0.34656948982156316,0.0,0.0,0.9779411764705882,0.015126992566498259,0.0,2
0.0,0.5,0.2449438202247191,0.0,0.8240764011058055,0.0,0.0,0.6014705882352941,0.020494635090094415,0.0,0
0.0,0.0,0.3067415730337079,0.0,0.34656948982156316,0.125,0.0,0.19558823529411765,0.16038672010106003,0.0,1
0.0,0.0,0.01348314606741573,0.0,0.5224930887157577,0.125,0.0,0.15,0.10149724044618187,0.0,0
1.0,1.0,0.4460674157303371,0.0,0.34656948982156316,0.0,0.0,0.8470588235294118,0.014110458666029575,0.0,1
0.0,1.0,0.3966292134831461,0.0,0.2586076903744659,0.0,0.0,0.49117647058823527,0.015712553569072387,0.0,0
0.0,1.0,0.8359550561797754,1.0,0.22090977632571,0.25,0.0,0.125,0.03513366015444757,0.0,0
1.0,1.0,0.9842696629213484,1.0,0.17064589092736868,0.125,0.0,0.07058823529411765,0.021942337075458514,0.0,1
0.0,1.0,0.3853932584269663,1.0,0.49736114601658704,0.125,0.0,0.6,0.018493968331299484,0.0,0
0.0,0.5,0.29775280898876405,1.0,0.33400351847197784,0.125,0.0,0.11470588235294117,0.04098927018018883,0.0,0
0.0,1.0,0.31460674157303375,0.0,0.34656948982156316,0.0,0.0,0.575,0.015411575213749286,0.0,1
1.0,0.5,0.6112359550561798,1.0,0.032420206081930136,0.125,0.3333333333333333,0.039705882352941174,0.08115719346076702,0.0,1
1.0,1.0,0.2606741573033708,1.0,0.2334757476752953,0.0,0.0,0.5147058823529411,0.01537917417160685,0.0,2
0.0,1.0,0.5910112359550562,0.0,0.34656948982156316,0.0,0.0,0.8691176470588236,0.015712553569072387,0.0,0
0.0,1.0,0.9943820224719102,0.0,0.34656948982156316,0.125,0.0,0.9955882352941177,0.030253985132996517,0.0,2
1.0,1.0,0.7505617977528091,1.0,0.34656948982156316,0.0,0.0,0.4573529411764706,0.015126992566498259,0.0,2
0.0,1.0,0.5067415730337079,0.0,0.34656948982156316,0.25,0.0,0.8955882352941177,0.04231498029001666,0.0,1
0.0,1.0,0.4179775280898877,1.0,0.22090977632571,0.125,0.0,0.06470588235294117,0.034743286152731485,0.0,0
0.0,1.0,0.9808988764044945,0.0,0.08268409148027142,0.5,0.16666666666666666,0.004411764705882353,0.07746484096553544,0.0,0
0.0,1.0,0.7606741573033708,0.0,0.2586076903744659,0.0,0.0,0.6705882352941176,0.01522458606692728,0.0,0
1.0,0.0,0.4629213483146068,1.0,0.610454888162855,0.125,0.0,0.03823529411764706,0.1497654242623688,0.1564625850340136,1
1.0,0.5,0.7449438202247192,1.0,0.35913546117114853,0.125,0.0,0.7058823529411764,0.050748620223090936,0.0,0
0.0,0.0,0.9426966292134832,0.0,0.8115104297562202,0.0,0.16666666666666666,0.28970588235294115,0.1209753416358076,0.3945578231292517,1
1.0,0.0,0.08764044943820226,0.0,0.34656948982156316,0.0,0.0,0.23676470588235293,0.06929138530460494,0.25170068027210885,0
1.0,0.5,0.8719101123595506,1.0,0.2586076903744659,0.0,0.0,0.6102941176470588,0.020494635090094415,0.0,0
0.0,1.0,0.4,0.0,0.35285247549635584,0.0,0.0,0.8308823529411764,0.014110458666029575,0.0,1
1.0,0.5,0.9123595505617978,1.0,0.05755214878110078,0.125,0.3333333333333333,0.05,0.05416439273810667,0.0,0
0.0,1.0,0.8842696629213483,0.0,0.1329479768786127,0.625,0.3333333333333333,0.0058823529411764705,0.09154270340242172,0.0,0
0.0,1.0,0.8685393258426967,0.0,0.2711736617240512,0.0,0.0,0.5205882352941177,0.014110458666029575,0.0,1
1.0,0.0,0.6820224719101124,1.0,0.4722292033174164,0.0,0.0,0.14558823529411766,0.15614960068643363,0.061224489795918366,3
0.0,0.0,0.651685393258427,0.0,0.5601910027645137,0.125,0.0,0.07941176470588235,0.16293234896625058,0.19047619047619047,0
0.0,1.0,0.8786516853932586,0.0,0.04498617743151546,0.375,0.3333333333333333,0.007352941176470588,0.05445717323939373,0.0,0
0.0,0.0,0.5887640449438203,0.0,0.34656948982156316,0.0,0.0,0.2647058823529412,0.05410739813385612,0.0,1
1.0,1.0,0.31910112359550563,0.0,0.34656948982156316,0.125,0.16666666666666666,0.18823529411764706,0.029757819776815374,0.0,1
1.0,0.5,0.06179775280898877,1.0,0.35913546117114853,0.0,0.0,0.5691176470588235,0.020494635090094415,0.03401360544217687,0
0.0,1.0,0.6730337078651686,0.0,0.2334757476752953,0.0,0.0,0.22941176470588234,0.015923941091001644,0.0,0
1.0,1.0,0.1314606741573034,1.0,0.20834380497612465,0.5,0.3333333333333333,0.7823529411764706,0.015468569817999833,0.0,0
0.0,1.0,0.24269662921348317,0.0,0.32143754712239253,0.25,0.0,0.42058823529411765,0.016908073949327893,0.0,0
0.0,0.5,0.5415730337078652,0.0,0.39683337521990447,0.0,0.0,0.5294117647058824,0.020494635090094415,0.0,0
0.0,1.0,0.4921348314606742,1.0,0.19577783362653933,0.625,0.3333333333333333,0.0058823529411764705,0.09154270340242172,0.0,0
0.0,0.5,0.7067415730337079,0.0,0.2586076903744659,0.0,0.0,0.010294117647058823,0.1434624456306609,0.0,0
0.0,1.0,0.5932584269662922,0.0,0.32143754712239253,0.125,0.0,0.7,0.028212719478023115,0.0,1
1.0,1.0,0.04382022471910113,0.0,0.39683337521990447,0.0,0.0,0.0029411764705882353,0.11027245763075773,0.0,0
0.0,1.0,0.055056179775280906,0.0,0.3088715757728072,0.0,0.0,0.3,0.014931805565640218,0.14965986394557823,0
0.0,1.0,0.9213483146067416,0.0,0.34656948982156316,0.0,0.0,0.7176470588235294,0.015411575213749286,0.0,0
0.0,1.0,0.20224719101123598,0.0,0.34656948982156316,0.0,0.0,0.47941176470588237,0.015712553569072387,0.0,0
1.0,0.5,0.04269662921348315,0.0,0.005152048253329982,0.0,0.3333333333333333,0.1426470588235294,0.056604230248832196,0.0,0
1.0,1.0,0.012359550561797755,1.0,0.37170143252073384,0.0,0.0,0.09117647058823529,0.024349578357040744,0.0,0
0.0,1.0,0.03932584269662922,0.0,0.2711736617240512,0.0,0.0,0.6985294117647058,0.017566830077223785,0.0,0
1.0,1.0,0.7651685393258427,0.0,0.35913546117114853,0.0,0.0,0.3514705882352941,0.018542765081513996,0.0,0
1.0,1.0,0.2561797752808989,1.0,0.34656948982156316,0.0,0.0,0.7617647058823529,0.015200187691820024,0.0,2
0.0,0.0,0.5426966292134832,0.0,0.34656948982156316,0.0,0.0,0.6735294117647058,0.09193307740413781,0.0,0
1.0,0.5,0.8887640449438203,1.0,0.20834380497612465,0.0,0.0,0.9382352941176471,0.020494635090094415,0.0,0
1.0,1.0,0.7000000000000001,1.0,0.4093993465694898,0.375,0.0,0.18088235294117647,0.030937139635999665,0.0,0
0.0,1.0,0.1202247191011236,0.0,0.19577783362653933,0.125,0.5,0.01911764705882353,0.06709553154495196,0.0,0
0.0,1.0,0.6089887640449438,0.0,0.34656948982156316,0.0,0.0,0.5544117647058824,0.015712553569072387,0.0,0
1.0,0.0,0.27640449438202247,1.0,0.2837396330736366,0.375,0.3333333333333333,0.013235294117647059,0.5133418122566507,0.013605442176870748,0
0.0,1.0,0.5674157303370787,0.0,0.2963056044232219,0.0,0.0,0.23529411764705882,0.015712553569072387,0.0,0
0.0,1.0,0.5752808988764045,0.0,0.35913546117114853,0.0,0.0,0.38676470588235295,0.015712553569072387,0.0,0
0.0,1.0,0.756179775280899,0.0,0.24604171902488062,0.0,0.0,0.7911764705882353,0.015330377421392339,0.0,0
0.0,0.0,0.21235955056179778,0.0,0.5727569741140991,0.125,0.0,0.2088235294117647,0.11940564777490723,0.7687074829931972,0
0.0,1.0,0.804494382022472,0.0,0.32143754712239253,0.125,0.3333333333333333,0.10735294117647058,0.04015972542654215,0.0,0
0.0,1.0,0.8269662921348315,0.0,0.7361146016587082,0.0,0.0,0.9,0.014151057562208049,0.0,0
0.0,1.0,0.32696629213483147,0.0,0.34656948982156316,0.0,0.0,0.913235294117647,0.015712553569072387,0.0,0
0.0,0.0,0.6921348314606742,0.0,0.8869062578537321,0.0,0.0,0.6838235294117647,0.06764049365134761,0.4897959183673469,1
1.0,0.0,0.15955056179775282,0.0,0.2837396330736366,0.0,0.16666666666666666,0.6455882352941177,0.12366716556464086,0.9591836734693877,1
1.0,0.5,0.015730337078651686,1.0,0.4219653179190751,0.0,0.16666666666666666,0.08529411764705883,0.044893010197349675,0.0,0
0.0,0.5,0.6539325842696629,0.0,0.4219653179190751,0.125,0.0,0.11764705882352941,0.050748620223090936,0.0,0
0.0,1.0,0.7112359550561799,1.0,0.34656948982156316,0.0,0.0,0.6794117647058824,0.015411575213749286,0.0,0
0.0,1.0,0.8584269662921349,0.0,0.34656948982156316,0.0,0.0,0.8544117647058823,0.015411575213749286,0.0,0
0.0,0.0,0.46404494382022476,0.0,0.2586076903744659,0.0,0.16666666666666666,0.1514705882352941,0.15085515328815924,0.2653061224489796,0
0.0,1.0,0.16292134831460675,0.0,0.4093993465694898,0.0,0.0,0.6264705882352941,0.016891873428256675,0.0,0
0.0,1.0,0.8865168539325844,0.0,0.4596632319678311,0.25,0.0,0.19852941176470587,0.015468569817999833,0.0,0
0.0,1.0,0.7786516853932585,0.0,0.34656948982156316,0.0,0.0,0.20588235294117646,0.015411575213749286,0.0,0
1.0,1.0,0.3797752808988764,1.0,0.2586076903744659,0.0,0.0,0.725,0.014931805565640218,0.0,0
1.0,1.0,0.6707865168539326,0.0,0.34656948982156316,0.0,0.0,0.3058823529411765,0.015175789316712771,0.0,0
0.0,1.0,0.6629213483146068,0.0,0.4722292033174164,0.0,0.0,0.3088235294117647,0.015411575213749286,0.0,0
1.0,1.0,0.7640449438202248,1.0,0.34656948982156316,0.125,0.0,0.041176470588235294,0.04713766070721715,0.0,2
0.0,0.0,0.450561797752809,0.0,0.5853229454636844,0.0,0.0,0.0838235294117647,0.10149724044618187,0.7482993197278911,0
0.0,1.0,0.3617977528089888,1.0,0.17692887660216136,0.125,0.0,0.18235294117647058,0.028212719478023115,0.0,1
0.0,1.0,0.5651685393258428,0.0,0.2711736617240512,0.0,0.0,0.23823529411764705,0.015712553569072387,0.0,0
0.0,1.0,0.7269662921348315,1.0,0.24604171902488062,0.125,0.0,0.6897058823529412,0.019177122834302632,0.0,0
0.0,1.0,0.6685393258426967,1.0,0.20834380497612465,0.0,0.0,0.1323529411764706,0.028220722145058292,0.0,1
0.0,1.0,0.6292134831460675,0.0,0.2586076903744659,0.0,0.0,0.9147058823529411,0.015468569817999833,0.0,0
0.0,1.0,0.8764044943820225,0.0,0.8806232721789394,0.0,0.0,0.49558823529411766,0.015126992566498259,0.0,2
0.0,0.5,0.4314606741573034,0.0,0.35913546117114853,0.125,0.0,0.11470588235294117,0.04098927018018883,0.0,0
0.0,0.0,0.05617977528089888,0.0,0.2963056044232219,0.0,0.16666666666666666,0.17794117647058824,0.4831284260198326,0.18367346938775508,1
0.0,1.0,0.20337078651685395,1.0,0.01985423473234481,0.5,0.3333333333333333,0.0,0.06104473451835265,0.0,0
0.0,0.5,0.7876404494382023,0.0,0.2586076903744659,0.25,0.0,0.010294117647058823,0.1434624456306609,0.0,0
0.0,1.0,0.4056179775280899,0.0,0.34656948982156316,0.0,0.0,0.75,0.015712553569072387,0.0,0
0.0,0.5,0.6898876404494383,0.0,0.40311636089469716,0.125,0.0,0.16323529411764706,0.058694292654020104,0.0,1
1.0,0.5,0.7314606741573034,1.0,0.40311636089469716,0.0,0.0,0.7558823529411764,0.025374310111545468,0.04081632653061224,0
0.0,0.0,0.502247191011236,0.0,0.6732847449107816,0.0,0.16666666666666666,0.1514705882352941,0.15085515328815924,0.2653061224489796,0
1.0,1.0,0.052808988764044947,0.0,0.14551394822819805,0.125,0.0,0.07058823529411765,0.021942337075458514,0.0,1
0.0,1.0,0.06292134831460675,0.0,0.34656948982156316,0.0,0.0,0.3676470588235294,0.015126992566498259,0.0,2
1.0,1.0,0.14269662921348317,0.0,0.2963056044232219,0.0,0.0,0.20147058823529412,0.01393967004027879,0.0,0
1.0,1.0,0.4168539325842697,1.0,0.34656948982156316,0.125,0.16666666666666666,0.09558823529411764,0.04364049521284362,0.8639455782312925,1
0.0,1.0,0.5269662921348315,0.0,0.5601910027645137,0.0,0.0,0.8838235294117647,0.013614293309848433,0.0,0
0.0,1.0,0.4573033707865169,0.0,0.4093993465694898,0.0,0.0,0.663235294117647,0.015411575213749286,0.0,1
0.0,1.0,0.749438202247191,0.0,0.24604171902488062,0.0,0.0,0.375,0.013760683560491965,0.0,0
0.0,1.0,0.8179775280898877,1.0,0.5853229454636844,0.125,0.0,0.7485294117647059,0.028302115124416098,0.0,0
1.0,0.5,0.15730337078651688,1.0,0.35913546117114853,0.125,0.0,0.8558823529411764,0.050748620223090936,0.0,0
0.0,0.5,0.3876404494382023,0.0,0.3088715757728072,0.0,0.0,0.8926470588235293,0.025374310111545468,0.0,0
0.0,0.5,0.6853932584269663,0.0,0.2837396330736366,0.0,0.0,0.9691176470588235,0.02936744577509929,0.0,1
1.0,0.0,0.16966292134831462,1.0,0.2334757476752953,0.0,0.3333333333333333,0.5985294117647059,0.051301584996521765,0.8027210884353742,0
0.0,0.0,0.5561797752808989,0.0,0.4596632319678311,0.125,0.0,0.11029411764705882,0.10364429745562033,0.10884353741496598,0
0.0,1.0,0.36966292134831463,0.0,0.19577783362653933,0.0,0.0,0.08676470588235294,0.01798980030808316,0.0,0
0.0,0.0,0.8393258426966292,0.0,0.2963056044232219,0.0,0.0,0.1588235294117647,0.15458810467956932,0.5714285714285714,1
0.0,1.0,0.18202247191011237,1.0,0.34656948982156316,0.0,0.3333333333333333,0.12941176470588234,0.029757819776815374,0.0,1
1.0,1.0,0.6134831460674158,1.0,0.2711736617240512,0.0,0.0,0.41470588235294115,0.015126992566498259,0.0,0
1.0,1.0,0.8382022471910113,1.0,0.2963056044232219,0.125,0.0,0.15588235294117647,0.030937139635999665,0.0,0
0.0,1.0,0.2707865168539326,0.0,0.2334757476752953,0.0,0.0,0.6602941176470588,0.013175122557917838,0.0,2
0.0,0.5,0.8157303370786517,0.0,0.22090977632571,0.0,0.0,0.2691176470588235,0.022446505098674838,0.0,0
0.0,0.5,0.23370786516853934,0.0,0.2334757476752953,0.125,0.16666666666666666,0.1838235294117647,0.07173122281533045,0.0,0
1.0,1.0,0.5820224719101124,0.0,0.33400351847197784,0.0,0.0,0.5926470588235294,0.015216388212891242,0.0,0
0.0,1.0,0.8224719101123596,1.0,0.10781603417944208,0.25,0.3333333333333333,0.01911764705882353,0.06709553154495196,0.0,0
0.0,0.5,0.9752808988764046,0.0,0.4533802462930384,0.0,0.3333333333333333,0.03676470588235294,0.050748620223090936,0.047619047619047616,0
0.0,0.5,0.857303370786517,0.0,0.5224930887157577,0.0,0.0,0.3602941176470588,0.025374310111545468,0.0,0
0.0,0.5,0.5101123595505619,0.0,0.6355868308620256,0.0,0.0,0.836764705882353,0.02444717185746977,0.0,0
1.0,0.0,0.5696629213483146,1.0,0.2711736617240512,0.125,0.0,0.14852941176470588,0.12999454257145598,0.17687074829931973,0
0.0,1.0,0.6224719101123596,0.0,0.6921337019351597,0.0,0.0,0.43823529411764706,0.015712553569072387,0.0,0
0.0,1.0,0.7865168539325843,0.0,0.5036441316913798,0.0,0.3333333333333333,0.9323529411764706,0.028302115124416098,0.0,0
0.0,1.0,0.1764044943820225,0.0,0.34656948982156316,0.0,0.0,0.29705882352941176,0.014273049437744325,0.0,0
0.0,0.0,0.7280898876404495,0.0,0.6355868308620256,0.0,0.16666666666666666,0.6308823529411764,0.11980421963065935,0.0,1
1.0,1.0,0.14719101123595507,1.0,0.19577783362653933,0.0,0.0,0.22647058823529412,0.015094396337354966,0.0,2
0.0,1.0,0.26853932584269663,0.0,0.37170143252073384,0.0,0.0,0.20294117647058824,0.015712553569072387,0.0,0
0.0,1.0,0.7943820224719101,0.0,0.34656948982156316,0.0,0.0,0.5970588235294118,0.016908073949327893,0.0,0
0.0,1.0,0.43483146067415734,0.0,0.34656948982156316,1.0,0.3333333333333333,0.0014705882352941176,0.13575255909676825,0.0,0
0.0,1.0,0.26741573033707866,0.0,0.5476250314149284,0.0,0.16666666666666666,0.31029411764705883,0.031425107138144774,0.0,0
1.0,0.5,0.010112359550561799,1.0,0.49736114601658704,0.0,0.0,0.2852941176470588,0.030741952635141623,0.0,0
0.0,1.0,0.6269662921348316,0.0,0.32143754712239253,0.0,0.0,0.7264705882352941,0.015175789316712771,0.0,0
0.0,1.0,0.09775280898876405,0.0,0.20834380497612465,0.0,0.0,0.5014705882352941,0.016908073949327893,0.0,0
0.0,1.0,0.4808988764044944,0.0,0.007288263382759488,0.5,0.16666666666666666,0.004411764705882353,0.07746484096553544,0.0,0
1.0,1.0,0.803370786516854,0.0,0.10781603417944208,0.0,0.3333333333333333,0.04264705882352941,0.04006213192611313,0.0,0
1.0,0.0,0.32471910112359553,1.0,0.34656948982156316,0.0,0.16666666666666666,0.08970588235294118,0.10735285047192313,0.1292517006802721,0
0.0,1.0,0.5764044943820226,1.0,0.5601910027645137,0.125,0.6666666666666666,0.007352941176470588,0.05445717323939373,0.0,0
0.0,0.0,0.6101123595505619,0.0,0.34656948982156316,0.0,0.0,0.5588235294117647,0.050602229972447406,0.0,0
0.0,1.0,0.15168539325842698,0.0,0.34656948982156316,0.0,0.0,0.0029411764705882353,0.11027245763075773,0.0,0
0.0,0.0,0.6943820224719102,0.0,0.7612465443578789,0.0,0.0,0.4073529411764706,0.06538764528744409,0.7551020408163265,0
0.0,1.0,0.02471910112359551,0.0,0.04498617743151546,0.5,0.16666666666666666,0.008823529411764706,0.05684821399990475,0.0,2
1.0,1.0,0.23258426966292137,1.0,0.007288263382759488,0.125,0.16666666666666666,0.054411764705882354,0.021730754366528396,0.0,0
0.0,1.0,0.9359550561797754,0.0,0.2586076903744659,0.0,0.0,0.2911764705882353,0.015468569817999833,0.0,0
0.0,0.0,0.7685393258426967,0.0,0.6984166876099522,0.0,0.0,0.611764705882353,0.05991421140938287,0.8503401360544217,1
0.0,1.0,0.29438202247191014,0.0,0.22090977632571,0.125,0.16666666666666666,0.5058823529411764,0.015330377421392339,0.0,0
0.0,1.0,0.5707865168539327,0.0,0.34656948982156316,0.375,0.16666666666666666,0.01764705882352941,0.049707687947515,0.0,0
0.0,0.0,0.13370786516853933,1.0,0.6230208595124404,0.0,0.0,0.4485294117647059,0.05604306762136532,0.8775510204081632,1
0.0,0.5,0.9910112359550562,0.0,0.37170143252073384,0.0,0.0,0.5455882352941176,0.025374310111545468,0.0,0
0.0,1.0,0.8471910112359551,0.0,0.4470972606182458,0.0,0.0,0.023529411764705882,0.0,0.0,0
0.0,1.0,0.21910112359550563,1.0,0.34656948982156316,1.0,0.3333333333333333,0.0014705882352941176,0.13575255909676825,0.0,0
0.0,0.5,0.7831460674157305,0.0,0.34656948982156316,0.0,0.0,0.4338235294117647,0.02937564362913533,0.0,1
0.0,1.0,0.852808988764045,0.0,0.10781603417944208,0.5,0.3333333333333333,0.026470588235294117,0.06126431989431795,0.0,0
1.0,0.5,0.7078651685393259,0.0,0.007288263382759488,0.25,0.16666666666666666,0.18529411764705883,0.07612293033463641,0.20408163265306123,0
1.0,1.0,0.5056179775280899,1.0,0.04498617743151546,0.0,0.3333333333333333,0.3073529411764706,0.04298993693898376,0.0,0
0.0,0.0,0.8662921348314607,0.0,0.34656948982156316,0.0,0.0,0.9808823529411764,0.09759350042902103,0.48299319727891155,0
1.0,1.0,0.8123595505617979,1.0,0.34656948982156316,0.125,0.0,0.13823529411764707,0.030253985132996517,0.0,2
1.0,0.0,0.3415730337078652,0.0,0.5601910027645137,0.0,0.0,0.8794117647058823,0.051822148727810165,0.0,0
0.0,1.0,0.05955056179775282,0.0,0.49736114601658704,0.125,0.16666666666666666,0.18970588235294117,0.030253985132996517,0.0,2
0.0,1.0,0.9494382022471911,0.0,0.4470972606182458,0.0,0.0,0.31470588235294117,0.015411575213749286,0.0,0
1.0,0.5,0.9966292134831461,1.0,0.39683337521990447,0.0,0.0,0.5617647058823529,0.025374310111545468,0.0,0
0.0,0.5,0.9640449438202248,0.0,0.2334757476752953,0.0,0.0,0.7411764705882353,0.025374310111545468,0.0,0
1.0,1.0,0.42584269662921354,1.0,0.2334757476752953,0.125,0.0,0.36470588235294116,0.015330377421392339,0.0,0
1.0,0.5,0.5876404494382023,0.0,0.032420206081930136,0.125,0.16666666666666666,0.03676470588235294,0.050748620223090936,0.047619047619047616,0
1.0,0.0,0.5382022471910113,1.0,0.5476250314149284,0.0,0.0,0.6088235294117647,0.05410739813385612,0.6666666666666666,1
1.0,0.0,0.9393258426966293,1.0,0.723548630309123,0.0,0.0,0.09264705882352942,0.2859895551532101,0.945578231292517,1
0.0,1.0,0.13707865168539327,0.0,0.34656948982156316,0.0,0.0,0.5338235294117647,0.015126992566498259,0.0,2
0.0,1.0,0.7303370786516855,0.0,0.5224930887157577,0.0,0.16666666666666666,0.5852941176470589,0.01640390592611157,0.0,0
1.0,1.0,0.7842696629213484,1.0,0.34656948982156316,0.0,0.0,0.5558823529411765,0.015126992566498259,0.0,2
0.0,0.5,0.04157303370786517,1.0,0.2963056044232219,0.0,0.0,0.3397058823529412,0.025374310111545468,0.0,0
0.0,1.0,0.6168539325842697,0.0,0.34656948982156316,0.0,0.0,0.3220588235294118,0.018542765081513996,0.0,0
0.0,1.0,0.8314606741573034,0.0,0.34656948982156316,1.0,0.3333333333333333,0.0014705882352941176,0.13575255909676825,0.0,0
0.0,1.0,0.1910112359550562,0.0,0.4219653179190751,0.0,0.0,0.9602941176470589,0.012678957201736696,0.0,0
0.0,1.0,0.27303370786516856,0.0,0.5664739884393064,0.0,0.0,0.3897058823529412,0.014102260811993537,0.0,1
1.0,1.0,0.9157303370786518,0.0,0.22090977632571,0.0,0.0,0.21323529411764705,0.015712553569072387,0.0,0
0.0,1.0,0.8674157303370787,1.0,0.01985423473234481,0.0,0.16666666666666666,0.06911764705882353,0.02042143996477265,0.02040816326530612,0
0.0,1.0,0.8213483146067416,0.0,0.39683337521990447,0.125,0.0,0.18088235294117647,0.030937139635999665,0.0,0
1.0,1.0,0.33370786516853934,0.0,0.32143754712239253,0.0,0.0,0.10147058823529412,0.036670757786204655,0.0,1
1.0,1.0,0.7797752808988765,1.0,0.19577783362653933,0.0,0.0,0.6970588235294117,0.015126992566498259,0.0,2
1.0,0.0,0.7764044943820225,0.0,0.49736114601658704,0.0,0.0,0.7308823529411764,0.060507970265993034,0.5442176870748299,1
0.0,1.0,0.06404494382022473,0.0,0.2963056044232219,0.0,0.0,0.7323529411764705,0.013760683560491965,0.0,0
1.0,0.5,0.7011235955056181,1.0,0.4345312892686604,0.0,0.0,0.9838235294117647,0.04098927018018883,0.0,0
0.0,1.0,0.906741573033708,0.0,0.2711736617240512,0.0,0.0,0.8602941176470588,0.014151057562208049,0.0,0
0.0,0.5,0.5685393258426967,0.0,0.37170143252073384,0.0,0.0,0.7764705882352941,0.025374310111545468,0.0,0
0.0,1.0,0.951685393258427,0.0,0.34656948982156316,0.125,0.0,0.9058823529411765,0.015126992566498259,0.0,2
1.0,0.0,0.22471910112359553,1.0,0.38426740387031916,0.125,0.0,0.051470588235294115,0.22109807522194713,0.21768707482993196,1
1.0,1.0,0.03707865168539326,1.0,0.33400351847197784,0.0,0.0,0.33088235294117646,0.015468569817999833,0.0,0
0.0,0.5,0.08202247191011236,0.0,0.5224930887157577,0.125,0.0,0.09411764705882353,0.05270049023167135,0.0,0
1.0,0.0,0.7595505617977528,1.0,0.39683337521990447,0.0,0.0,0.4294117647058823,0.14891148113361488,0.5782312925170068,1
0.0,0.5,0.7932584269662922,0.0,0.37170143252073384,0.0,0.0,0.6323529411764706,0.020494635090094415,0.0,0
1.0,1.0,0.953932584269663,0.0,0.19577783362653933,0.0,0.0,0.6573529411764706,0.015712553569072387,0.0,0
0.0,0.5,0.0752808988764045,0.0,0.33400351847197784,0.0,0.0,0.9205882352941176,0.025374310111545468,0.0,0
0.0,1.0,0.6325842696629214,0.0,0.6355868308620256,0.0,0.0,0.20441176470588235,0.015712553569072387,0.0,0
0.0,1.0,0.7213483146067416,0.0,0.34656948982156316,0.0,0.0,0.9764705882352941,0.015411575213749286,0.0,0
1.0,0.0,0.5325842696629214,0.0,0.4722292033174164,0.125,0.0,0.11323529411764706,0.17566830077223786,0.2585034013605442,0
0.0,1.0,0.3101123595505618,0.0,0.2711736617240512,0.0,0.0,0.8338235294117647,0.018249984580226933,0.0,0
1.0,0.5,0.9797752808988764,0.0,0.2334757476752953,0.0,0.0,0.9529411764705882,0.020494635090094415,0.0,0
0.0,1.0,0.8932584269662922,0.0,0.2523247046996733,0.0,0.0,0.37941176470588234,0.014151057562208049,0.0,0
0.0,0.5,0.3168539325842697,0.0,0.22090977632571,0.0,0.0,0.8867647058823529,0.025374310111545468,0.0,0
0.0,1.0,0.7966292134831462,1.0,0.34656948982156316,0.375,0.16666666666666666,0.01764705882352941,0.049707687947515,0.0,0
1.0,0.0,0.6460674157303371,1.0,0.4345312892686604,0.125,0.0,0.07941176470588235,0.16293234896625058,0.19047619047619047,0
0.0,1.0,0.5460674157303371,0.0,0.35913546117114853,0.0,0.0,0.8632352941176471,0.015175789316712771,0.0,0
0.0,0.5,0.7730337078651686,0.0,0.7361146016587082,0.0,0.0,0.5,0.026350245115835676,0.0,0
1.0,1.0,0.9460674157303371,1.0,0.05755214878110078,0.5,0.3333333333333333,0.026470588235294117,0.06126431989431795,0.0,0
0.0,0.5,0.6674157303370787,0.0,0.2963056044232219,0.0,0.0,0.711764705882353,0.020494635090094415,0.0,0
0.0,1.0,0.3707865168539326,1.0,0.34656948982156316,0.0,0.0,0.8485294117647059,0.014736618564782174,0.0,0
0.0,0.5,0.604494382022472,0.0,0.5476250314149284,0.125,0.0,0.8764705882352941,0.050748620223090936,0.0,0
1.0,0.5,0.3258426966292135,1.0,0.09525006282985675,0.0,0.3333333333333333,0.052941176470588235,0.05123658772523604,0.0,0
0.0,0.5,0.06067415730337079,0.0,0.2334757476752953,0.0,0.0,0.2588235294117647,0.020494635090094415,0.0,0
0.0,0.5,0.7471910112359551,0.0,0.4093993465694898,0.0,0.0,0.763235294117647,0.023959204355324663,0.0,0
0.0,1.0,0.9280898876404495,1.0,0.34656948982156316,0.125,0.0,0.18235294117647058,0.028212719478023115,0.0,1
1.0,1.0,0.022471910112359553,1.0,0.34656948982156316,0.125,0.0,0.09852941176470588,0.030253985132996517,0.0,2
0.0,0.5,0.005617977528089888,0.0,0.35913546117114853,0.0,0.0,0.7985294117647058,0.020494635090094415,0.0,0
0.0,1.0,0.9741573033707867,0.0,0.2711736617240512,0.0,0.0,0.28088235294117647,0.013907073811135496,0.0,0
0.0,1.0,0.5853932584269663,0.0,0.37170143252073384,0.0,0.0,0.9735294117647059,0.014102260811993537,0.0,1
0.0,0.0,0.6764044943820225,0.0,0.5476250314149284,0.25,0.0,0.10882352941176471,0.17566830077223786,0.14285714285714285,2
0.0,1.0,0.42471910112359557,1.0,0.3088715757728072,0.0,0.0,0.475,0.015175789316712771,0.0,0
1.0,0.5,0.4662921348314607,1.0,0.2963056044232219,0.0,0.3333333333333333,0.1676470588235294,0.028302115124416098,0.0,0
1.0,0.0,0.5292134831460674,0.0,0.4596632319678311,0.125,0.16666666666666666,0.13676470588235293,0.10257896680493714,0.2312925170068027,0
0.0,0.5,0.5404494382022472,0.0,0.6732847449107816,0.125,0.0,0.06764705882352941,0.050748620223090936,0.0,0
0.0,1.0,0.42022471910112363,0.0,0.34656948982156316,0.0,0.0,0.6205882352941177,0.014151057562208049,0.0,0
0.0,1.0,0.4932584269662922,1.0,0.35913546117114853,0.125,0.16666666666666666,0.06911764705882353,0.02042143996477265,0.02040816326530612,0
0.0,0.0,0.9820224719101125,0.0,0.7738125157074642,0.0,0.0,0.7852941176470588,0.051822148727810165,0.9251700680272108,0
0.0,1.0,0.955056179775281,0.0,0.37170143252073384,0.125,0.0,0.09705882352941177,0.031425107138144774,0.0,0
0.0,1.0,0.301123595505618,1.0,0.5099271173661725,0.0,0.3333333333333333,0.1764705882352941,0.039452172548431745,0.0,0
1.0,1.0,0.21011235955056182,1.0,0.35913546117114853,0.0,0.3333333333333333,0.7455882352941177,0.029757819776815374,0.0,1
1.0,0.0,0.901123595505618,1.0,0.34656948982156316,0.0,0.0,0.5720588235294117,0.15458810467956932,0.0,1
1.0,0.0,0.8640449438202248,1.0,0.37170143252073384,0.0,0.0,0.029411764705882353,0.16883675574220638,0.22448979591836735,0
1.0,0.0,0.35730337078651686,1.0,0.4345312892686604,0.0,0.0,0.044117647058823525,1.0,0.0,1
1.0,0.5,0.8325842696629214,1.0,0.6230208595124404,0.0,0.16666666666666666,0.12352941176470589,0.050748620223090936,0.0,0
0.0,1.0,0.5606741573033709,0.0,0.34656948982156316,0.0,0.0,0.8235294117647058,0.015126992566498259,0.0,2
1.0,1.0,0.8449438202247191,0.0,0.032420206081930136,0.5,0.3333333333333333,0.026470588235294117,0.06126431989431795,0.0,0
0.0,0.0,0.698876404494382,0.0,0.648152802211611,0.125,0.16666666666666666,0.030882352941176472,0.1554664461834305,0.12244897959183673,0
0.0,0.0,0.453932584269663,0.0,0.49736114601658704,0.0,0.0,0.4926470588235294,0.0,0.7074829931972789,0
0.0,1.0,0.49775280898876406,1.0,0.34656948982156316,0.0,0.0,0.34411764705882353,0.015126992566498259,0.0,2
0.0,0.5,0.8606741573033708,0.0,0.4470972606182458,0.0,0.0,0.26176470588235295,0.020494635090094415,0.0,0
0.0,1.0,0.8303370786516855,0.0,0.19577783362653933,0.5,0.16666666666666666,0.004411764705882353,0.07746484096553544,0.0,0
1.0,1.0,0.17752808988764046,0.0,0.3088715757728072,0.125,0.0,0.5411764705882353,0.015175789316712771,0.0,0
1.0,0.0,0.9651685393258428,1.0,0.723548630309123,0.0,0.16666666666666666,0.04852941176470588,0.2995388511917728,0.09523809523809523,0
1.0,0.0,0.8337078651685395,1.0,0.4345312892686604,0.0,0.0,0.032352941176470584,0.2647385704347907,0.7346938775510203,0
0.0,0.0,0.3865168539325843,0.0,0.34656948982156316,0.0,0.0,0.0661764705882353,0.060507970265993034,0.0,0
1.0,1.0,0.2966292134831461,0.0,0.3088715757728072,0.0,0.0,0.023529411764705882,0.0,0.0,0
1.0,0.5,0.5494382022471911,1.0,0.5099271173661725,0.0,0.16666666666666666,0.14705882352941177,0.038061465167318204,0.0,0
0.0,0.0,0.10786516853932585,0.0,0.4596632319678311,0.0,0.16666666666666666,0.825,0.057970539254838485,0.9047619047619048,1
1.0,1.0,0.8191011235955057,1.0,0.34656948982156316,0.0,0.0,0.5426470588235294,0.015126992566498259,0.0,2
1.0,0.0,0.5595505617977529,1.0,0.7863784870570495,0.125,0.0,0.057352941176470586,0.15216446768991498,0.836734693877551,0
0.0,1.0,0.13932584269662923,1.0,0.5601910027645137,0.0,0.0,0.5073529411764706,0.015126992566498259,0.0,0
0.0,0.5,0.32921348314606746,0.0,0.34656948982156316,0.0,0.0,0.055882352941176466,0.0,0.0,0
0.0,1.0,0.6606741573033709,0.0,0.08268409148027142,0.5,0.16666666666666666,0.008823529411764706,0.05684821399990475,0.0,2
1.0,1.0,0.1258426966292135,1.0,0.4345312892686604,0.125,0.16666666666666666,0.15294117647058825,0.03952536767375352,0.0,0
0.0,1.0,0.8168539325842697,0.0,0.8115104297562202,0.0,0.0,0.8352941176470589,0.015126992566498259,0.0,2
0.0,1.0,0.7134831460674158,0.0,0.34656948982156316,0.0,0.0,0.6029411764705882,0.015330377421392339,0.0,0
0.0,1.0,0.6797752808988765,0.0,0.19577783362653933,0.0,0.0,0.5441176470588235,0.018542765081513996,0.0,0
1.0,1.0,0.40449438202247195,0.0,0.2334757476752953,0.0,0.0,0.36176470588235293,0.015712553569072387,0.0,0
0.0,0.0,0.7123595505617978,0.0,0.34656948982156316,0.0,0.0,0.47352941176470587,0.050748620223090936,0.5510204081632653,0
0.0,1.0,0.2932584269662922,0.0,0.4093993465694898,0.0,0.0,0.961764705882353,0.016908073949327893,0.0,1
1.0,1.0,0.250561797752809,0.0,0.37170143252073384,0.0,0.0,0.6764705882352942,0.018542765081513996,0.0,0
0.0,1.0,0.1898876404494382,0.0,0.2711736617240512,0.0,0.0,0.9661764705882353,0.015411575213749286,0.0,0
1.0,0.5,0.6696629213483146,0.0,0.5224930887157577,0.0,0.0,0.5397058823529411,0.025374310111545468,0.0,0
1.0,1.0,0.11797752808988765,1.0,0.2711736617240512,0.0,0.0,0.8676470588235294,0.015126992566498259,0.0,2
1.0,0.0,0.22247191011235956,1.0,0.32143754712239253,0.0,0.0,0.1161764705882353,0.15390495017656614,0.0,0
1.0,0.0,0.42359550561797754,1.0,0.2334757476752953,0.125,0.0,0.1411764705882353,0.17777475888549785,0.2925170068027211,1
0.0,0.5,0.2460674157303371,0.0,0.4470972606182458,0.0,0.0,0.3323529411764706,0.025130326360472913,0.027210884353741496,1
0.0,1.0,0.05168539325842697,1.0,0.2963056044232219,0.0,0.0,0.26323529411764707,0.01727404957593672,0.0,0
0.0,1.0,0.36404494382022473,0.0,0.2963056044232219,0.0,0.0,0.9338235294117647,0.015411575213749286,0.0,0
0.0,0.0,0.016853932584269666,0.0,0.34656948982156316,0.0,0.0,0.45294117647058824,0.05410739813385612,0.0,1
0.0,1.0,0.22359550561797756,0.0,0.2900226187484292,0.0,0.0,0.3338235294117647,0.014110458666029575,0.0,1
0.0,0.0,0.02359550561797753,1.0,0.01985423473234481,0.125,0.3333333333333333,0.016176470588235292,0.29580589980036276,0.05442176870748299,0
1.0,0.0,0.5921348314606742,0.0,0.34656948982156316,0.0,0.0,0.9588235294117647,0.05953203526170282,0.3469387755102041,0
1.0,0.0,0.25842696629213485,1.0,0.6230208595124404,0.0,0.16666666666666666,0.17794117647058824,0.4831284260198326,0.18367346938775508,1
1.0,1.0,0.5955056179775281,1.0,0.34656948982156316,0.0,0.0,0.5838235294117647,0.015126992566498259,0.0,2
1.0,1.0,0.7157303370786517,0.0,0.34656948982156316,0.25,0.0,0.07352941176470588,0.04538097769949478,0.0,2
0.0,1.0,0.14382022471910114,0.0,0.2334757476752953,0.0,0.0,0.023529411764705882,0.0,0.0,0
1.0,0.5,0.401123595505618,1.0,0.34656948982156316,0.0,0.0,0.5661764705882353,0.024105594605968193,0.04081632653061224,2
0.0,1.0,0.7168539325842698,0.0,0.34656948982156316,0.0,0.0,0.3558823529411765,0.015712553569072387,0.0,0
1.0,0.0,0.34831460674157305,0.0,0.006282985674792663,0.125,0.3333333333333333,0.016176470588235292,0.29580589980036276,0.05442176870748299,0
1.0,0.0,0.3977528089887641,1.0,0.34656948982156316,0.0,0.0,0.014705882352941176,0.21642978772242535,0.0,1
1.0,0.0,0.2719101123595506,1.0,0.20834380497612465,0.125,0.0,0.16470588235294117,0.2125586439344078,0.24489795918367346,1
0.0,0.5,0.9932584269662922,0.0,0.37170143252073384,0.125,0.0,0.1602941176470588,0.04684488020593009,0.0,1
1.0,0.0,0.20449438202247192,1.0,0.37170143252073384,0.0,0.0,0.16911764705882354,0.11111839809247648,0.8231292517006802,1
1.0,0.0,0.349438202247191,1.0,0.2963056044232219,0.0,0.0,0.1661764705882353,0.16231419173453318,0.7414965986394557,1
1.0,0.0,0.4157303370786517,1.0,0.22090977632571,0.25,0.3333333333333333,0.1338235294117647,0.5121218935012878,0.10204081632653061,1
0.0,0.5,0.5528089887640449,1.0,0.32143754712239253,0.125,0.16666666666666666,0.6352941176470588,0.050748620223090936,0.0,0
0.0,1.0,0.8483146067415731,0.0,0.34656948982156316,0.0,0.0,0.7044117647058823,0.015411575213749286,0.0,0
0.0,0.5,0.4213483146067416,0.0,0.5350590600653431,0.125,0.16666666666666666,0.03529411764705882,0.05123658772523604,0.0,0
1.0,1.0,0.45280898876404496,1.0,0.32143754712239253,0.0,0.0,0.43088235294117644,0.015330377421392339,0.0,0
1.0,0.5,0.28539325842696633,1.0,0.2963056044232219,0.125,0.0,0.11764705882352941,0.050748620223090936,0.0,0
0.0,0.5,0.04494382022471911,0.0,0.6732847449107816,0.0,0.0,0.45588235294117646,0.027326180120125887,0.0,0
1.0,0.0,0.4370786516853933,1.0,0.38426740387031916,0.0,0.3333333333333333,0.11176470588235293,0.32179836714362564,0.8435374149659863,0
1.0,0.0,0.201123595505618,1.0,0.49736114601658704,0.125,0.16666666666666666,0.17205882352941176,0.2625265161540666,0.9931972789115646,1
0.0,1.0,0.15617977528089888,0.0,0.2711736617240512,0.0,0.0,0.8647058823529412,0.014151057562208049,0.0,0
0.0,1.0,0.7808988764044944,0.0,0.33400351847197784,0.0,0.0,0.4823529411764706,0.015411575213749286,0.0,0
1.0,0.5,0.6146067415730337,1.0,0.37170143252073384,0.0,0.0,0.275,0.024105594605968193,0.0,2
1.0,0.5,0.47977528089887644,1.0,0.2711736617240512,0.125,0.16666666666666666,0.1426470588235294,0.056604230248832196,0.0,0
0.0,1.0,0.5089887640449439,0.0,0.34656948982156316,1.0,0.3333333333333333,0.0014705882352941176,0.13575255909676825,0.0,0
1.0,0.0,0.17865168539325843,1.0,0.4470972606182458,0.0,0.0,0.032352941176470584,0.2647385704347907,0.6802721088435374,1
0.0,1.0,0.35955056179775285,0.0,0.7612465443578789,0.0,0.0,0.4647058823529412,0.012174789178520372,0.0,0
1.0,0.5,0.35393258426966295,1.0,0.4470972606182458,0.0,0.0,0.3941176470588235,0.025374310111545468,0.027210884353741496,0
1.0,1.0,0.6067415730337079,1.0,0.38426740387031916,0.125,0.16666666666666666,0.04264705882352941,0.04006213192611313,0.0,0
1.0,0.0,0.9235955056179777,1.0,0.19577783362653933,0.0,0.16666666666666666,0.17941176470588235,0.11316786160148591,0.13605442176870747,1
1.0,1.0,0.6662921348314608,1.0,0.34656948982156316,0.25,0.0,0.07352941176470588,0.04538097769949478,0.0,2
0.0,0.0,0.3325842696629214,0.0,0.5664739884393064,0.0,0.0,0.6852941176470588,0.055628295244541985,0.3129251700680272,0
0.0,0.0,0.03258426966292135,0.0,0.4722292033174164,0.0,0.16666666666666666,0.04852941176470588,0.2995388511917728,0.37414965986394555,0
0.0,1.0,0.27415730337078653,0.0,0.19577783362653933,0.25,0.0,0.125,0.03513366015444757,0.0,0
1.0,0.0,0.7460674157303372,1.0,0.34656948982156316,0.125,0.0,0.07794117647058824,0.2608674266467732,0.0,0
0.0,1.0,0.9775280898876405,0.0,0.34656948982156316,0.0,0.0,0.7161764705882353,0.015411575213749286,0.0,0
0.0,0.0,0.7202247191011236,0.0,0.35913546117114853,0.125,0.0,0.14852941176470588,0.12999454257145598,0.17687074829931973,0
1.0,0.0,0.7820224719101124,1.0,0.5099271173661725,0.0,0.0,0.17205882352941176,0.2625265161540666,0.42176870748299317,1
1.0,1.0,0.32808988764044944,0.0,0.5601910027645137,0.0,0.0,0.2985294117647059,0.015712553569072387,0.0,0
0.0,0.0,0.2168539325842697,0.0,0.5601910027645137,0.0,0.0,0.9970588235294118,0.06929138530460494,0.31972789115646255,0
1.0,0.5,0.8292134831460675,0.0,0.01985423473234481,0.125,0.16666666666666666,0.03676470588235294,0.050748620223090936,0.047619047619047616,0
1.0,0.0,0.2157303370786517,1.0,0.2963056044232219,0.375,0.3333333333333333,0.013235294117647059,0.5133418122566507,0.013605442176870748,0
0.0,0.5,0.49438202247191015,0.0,0.34656948982156316,0.0,0.0,0.6941176470588235,0.025374310111545468,0.0,0
0.0,0.5,0.6157303370786518,0.0,0.3088715757728072,0.0,0.0,0.788235294117647,0.025374310111545468,0.0,0
0.0,0.5,0.09662921348314607,0.0,0.4470972606182458,0.0,0.0,0.25588235294117645,0.025374310111545468,0.0,0
1.0,0.5,0.2303370786516854,1.0,0.2963056044232219,0.0,0.0,0.9705882352941176,0.025374310111545468,0.03401360544217687,0
1.0,0.5,0.7370786516853933,1.0,0.49736114601658704,0.0,0.0,0.6235294117647059,0.025374310111545468,0.0,0
1.0,1.0,0.4337078651685394,1.0,0.34656948982156316,0.125,0.0,0.9029411764705882,0.031425107138144774,0.0,0
1.0,1.0,0.8595505617977529,0.0,0.032420206081930136,0.125,0.16666666666666666,0.08823529411764705,0.031034733136428686,0.0,0
0.0,1.0,0.3921348314606742,0.0,0.5224930887157577,0.0,0.0,0.22205882352941175,0.016908073949327893,0.0,0
0.0,1.0,0.7910112359550563,0.0,0.2837396330736366,0.0,0.0,0.4102941176470588,0.01800600082915438,0.0,0
0.0,0.0,0.4123595505617978,0.0,0.34656948982156316,0.0,0.0,0.7529411764705882,0.06831545030031472,0.6598639455782312,0
0.0,1.0,0.25505617977528094,0.0,0.18321186227695402,0.125,0.16666666666666666,0.8029411764705883,0.014110458666029575,0.0,1
0.0,1.0,0.6505617977528091,0.0,0.3088715757728072,0.125,0.0,0.06470588235294117,0.034743286152731485,0.0,0
0.0,1.0,0.16516853932584272,0.0,0.34656948982156316,0.0,0.0,0.55,0.014102260811993537,0.0,1
0.0,1.0,0.5662921348314607,0.0,0.34656948982156316,0.0,0.0,0.9676470588235294,0.018542765081513996,0.0,0
1.0,0.0,0.15842696629213485,1.0,0.2711736617240512,0.0,0.16666666666666666,0.08970588235294118,0.10735285047192313,0.1292517006802721,0
0.0,0.5,0.9764044943820226,1.0,0.4722292033174164,0.0,0.0,0.9441176470588235,0.025374310111545468,0.0,0
1.0,1.0,0.4685393258426967,1.0,0.34656948982156316,0.0,0.0,0.22794117647058823,0.01537917417160685,0.0,2
1.0,1.0,0.8696629213483147,1.0,0.34656948982156316,0.0,0.0,0.25735294117647056,0.01537917417160685,0.0,2
0.0,1.0,0.1707865168539326,0.0,0.49736114601658704,0.125,0.6666666666666666,0.007352941176470588,0.05445717323939373,0.0,0
0.0,0.5,0.47415730337078654,0.0,0.35913546117114853,0.125,0.0,0.4764705882352941,0.05410739813385612,0.0,1
0.0,1.0,0.3550561797752809,1.0,0.5601910027645137,0.0,0.16666666666666666,0.060294117647058824,0.028212719478023115,0.0,1
0.0,1.0,0.08426966292134833,0.0,0.4345312892686604,0.0,0.0,0.25,0.013760683560491965,0.0,0
0.0,1.0,0.1865168539325843,0.0,0.34656948982156316,0.125,0.0,0.13823529411764707,0.030253985132996517,0.0,2
0.0,1.0,0.6426966292134833,0.0,0.37170143252073384,0.0,0.0,0.8911764705882352,0.014151057562208049,0.0,0
1.0,0.0,0.17977528089887643,1.0,0.7486805730082936,0.125,0.0,0.8573529411764705,0.14687821814567664,0.6530612244897959,1
1.0,1.0,0.6404494382022472,1.0,0.34656948982156316,0.0,0.0,0.5323529411764706,0.014110458666029575,0.0,1
1.0,1.0,0.1662921348314607,1.0,0.34656948982156316,0.0,0.0,0.7838235294117647,0.015126992566498259,0.0,2
1.0,0.0,0.0044943820224719105,1.0,0.2963056044232219,0.0,0.0,0.12205882352941176,0.13526459159462315,0.07482993197278912,1
1.0,0.0,0.07640449438202247,0.0,0.3088715757728072,0.125,0.0,0.8455882352941176,0.1082149914547131,0.6122448979591837,1
0.0,1.0,0.6415730337078652,0.0,0.22090977632571,0.125,0.0,0.5882352941176471,0.012678957201736696,0.0,0
0.0,1.0,0.42921348314606744,0.0,0.2334757476752953,0.0,0.0,0.38088235294117645,0.015712553569072387,0.0,0
0.0,0.0,0.3943820224719101,0.0,0.2711736617240512,0.0,0.0,0.032352941176470584,0.2647385704347907,0.0,1
0.0,1.0,0.4112359550561798,1.0,0.032420206081930136,0.375,0.16666666666666666,0.025,0.04113566043083236,0.0,0
1.0,0.0,0.8966292134831462,1.0,0.34656948982156316,0.125,0.0,0.19558823529411765,0.16038672010106003,0.0,1
1.0,1.0,0.5123595505617978,1.0,0.2711736617240512,0.0,0.0,0.6514705882352941,0.014151057562208049,0.0,0
0.0,0.0,0.32359550561797756,0.0,0.33400351847197784,0.0,0.3333333333333333,0.9308823529411765,0.41282050681475896,0.5238095238095238,1
0.0,1.0,0.9662921348314608,0.0,0.24604171902488062,0.0,0.0,0.8323529411764706,0.007831878409428937,0.0,1
0.0,1.0,0.3764044943820225,0.0,0.2334757476752953,0.0,0.0,0.4088235294117647,0.015175789316712771,0.0,0
1.0,0.0,0.39325842696629215,1.0,0.5224930887157577,0.0,0.0,0.020588235294117647,0.4440992237022602,0.0,1
1.0,1.0,0.47640449438202254,1.0,0.007288263382759488,0.0,0.3333333333333333,0.17352941176470588,0.030725752114070404,0.0,1
0.0,1.0,0.503370786516854,0.0,0.39683337521990447,0.0,0.0,0.888235294117647,0.015468569817999833,0.0,0
1.0,0.0,0.9606741573033709,1.0,0.4345312892686604,0.125,0.0,0.15,0.10149724044618187,0.0,0
0.0,1.0,0.28426966292134837,0.0,0.34656948982156316,0.0,0.0,0.7926470588235294,0.015411575213749286,0.0,0
0.0,0.5,0.05393258426966292,0.0,0.22090977632571,0.0,0.0,0.010294117647058823,0.1434624456306609,0.0,0
0.0,1.0,0.7573033707865169,0.0,0.007288263382759488,0.625,0.3333333333333333,0.0058823529411764705,0.09154270340242172,0.0,0
1.0,0.5,0.5977528089887642,1.0,0.4470972606182458,0.0,0.0,0.8617647058823529,0.025374310111545468,0.0,0
0.0,1.0,0.5943820224719102,0.0,0.34656948982156316,0.0,0.0,0.47205882352941175,0.015086393670319786,0.0,2
1.0,0.5,0.39550561797752815,1.0,0.20834380497612465,0.0,0.0,0.5941176470588235,0.023422440102965045,0.0,1
1.0,0.0,0.7426966292134832,0.0,0.4470972606182458,0.125,0.3333333333333333,0.022058823529411763,0.23422440102965048,0.006802721088435374,0
1.0,1.0,0.5314606741573035,0.0,0.2586076903744659,0.0,0.0,0.513235294117647,0.015216388212891242,0.0,0
0.0,1.0,0.4876404494382023,0.0,0.34656948982156316,0.25,0.0,0.48823529411764705,0.015468569817999833,0.0,0
1.0,0.0,0.4415730337078652,1.0,0.2837396330736366,0.125,0.0,0.051470588235294115,0.22109807522194713,0.21768707482993196,1
1.0,1.0,0.46741573033707867,1.0,0.2963056044232219,0.0,0.3333333333333333,0.19411764705882353,0.03259622914329302,0.02040816326530612,0
0.0,1.0,0.25280898876404495,0.0,0.2711736617240512,0.0,0.0,0.9544117647058823,0.015216388212891242,0.0,0
0.0,1.0,0.702247191011236,1.0,0.38426740387031916,0.0,0.0,0.27205882352941174,0.015330377421392339,0.0,0
0.0,0.5,0.3662921348314607,0.0,0.5727569741140991,0.0,0.0,0.175,0.050748620223090936,0.0,0
0.0,0.5,0.5078651685393258,0.0,0.2837396330736366,0.0,0.0,0.29558823529411765,0.020494635090094415,0.0,0
1.0,0.5,0.05730337078651686,1.0,0.34656948982156316,0.0,0.0,0.3573529411764706,0.02469115560854232,0.0,0
1.0,1.0,0.8202247191011237,0.0,0.4847951746670017,0.0,0.0,0.41911764705882354,0.015468569817999833,0.0,0
0.0,1.0,0.9325842696629214,0.0,0.32143754712239253,0.0,0.0,0.27352941176470585,0.015712553569072387,0.0,0
0.0,1.0,0.7404494382022473,1.0,0.2586076903744659,0.125,0.0,0.9941176470588236,0.019177122834302632,0.0,0
0.0,1.0,0.806741573033708,0.0,0.34656948982156316,0.125,0.0,0.15588235294117647,0.030937139635999665,0.0,0
0.0,1.0,0.9202247191011237,1.0,0.24604171902488062,0.0,0.0,0.47058823529411764,0.016908073949327893,0.0,0
0.0,0.5,0.27977528089887643,0.0,0.4219653179190751,0.125,0.0,0.6867647058823529,0.04098927018018883,0.0,0
0.0,1.0,0.058426966292134834,0.0,0.6355868308620256,0.0,0.0,0.6220588235294118,0.015126992566498259,0.0,0
1.0,0.5,0.0,0.0,0.032420206081930136,0.125,0.16666666666666666,0.027941176470588233,0.03659756266088288,0.0,0
0.0,1.0,0.12696629213483146,0.0,0.2586076903744659,0.0,0.0,0.26029411764705884,0.015175789316712771,0.0,0
0.0,1.0,0.7393258426966293,1.0,0.34656948982156316,0.375,0.16666666666666666,0.01764705882352941,0.049707687947515,0.0,0
0.0,1.0,0.10561797752808989,0.0,0.34656948982156316,0.0,0.0,0.48970588235294116,0.015411575213749286,0.0,0
0.0,1.0,0.35056179775280905,0.0,0.34656948982156316,0.0,0.0,0.7602941176470588,0.013386510079847098,0.0,2
1.0,0.0,0.4752808988764045,1.0,0.4093993465694898,0.125,0.0,0.10882352941176471,0.17566830077223786,0.14285714285714285,2
0.0,0.5,0.19213483146067417,0.0,0.34656948982156316,0.0,0.0,0.055882352941176466,0.0,0.0,0
1.0,1.0,0.3820224719101124,0.0,0.5476250314149284,0.0,0.0,0.8529411764705882,0.015468569817999833,0.0,0
0.0,1.0,0.1719101123595506,1.0,0.34656948982156316,0.0,0.0,0.2411764705882353,0.015712553569072387,0.0,0
1.0,0.5,0.9730337078651686,1.0,0.4219653179190751,0.125,0.16666666666666666,0.8220588235294117,0.06343577527886367,0.0,0
1.0,0.5,0.3157303370786517,1.0,0.22090977632571,0.0,0.3333333333333333,0.8441176470588235,0.025374310111545468,0.0,0
0.0,0.5,0.03483146067415731,0.0,0.37170143252073384,0.0,0.0,0.2661764705882353,0.025374310111545468,0.0,0
0.0,1.0,0.6966292134831461,1.0,0.12038200552902739,0.0,0.3333333333333333,0.033823529411764704,0.04713766070721715,0.0,0
0.0,1.0,0.1808988764044944,0.0,0.34656948982156316,0.0,0.0,0.4235294117647059,0.015411575213749286,0.0,1
0.0,1.0,0.9348314606741573,0.0,0.2586076903744659,0.0,0.0,0.2161764705882353,0.015094396337354966,0.0,2
0.0,1.0,0.3606741573033708,0.0,0.35913546117114853,0.0,0.0,0.9279411764705883,0.015370976317570811,0.0,0
0.0,1.0,0.04719101123595506,1.0,0.34656948982156316,0.125,0.16666666666666666,0.13088235294117648,0.028106928123558056,0.0,0
0.0,1.0,0.6595505617977528,0.0,0.22090977632571,0.125,0.16666666666666666,0.1764705882352941,0.039452172548431745,0.0,0
0.0,1.0,0.6247191011235955,0.0,0.34656948982156316,0.0,0.0,0.46911764705882353,0.014151057562208049,0.0,0
1.0,0.5,0.6617977528089888,1.0,0.34656948982156316,0.125,0.0,0.5573529411764706,0.050748620223090936,0.0,0
1.0,0.5,0.36292134831460676,1.0,0.2334757476752953,0.0,0.0,0.15735294117647058,0.050748620223090936,0.0,0
0.0,1.0,0.21797752808988766,0.0,0.34656948982156316,0.0,0.0,0.40588235294117647,0.015126992566498259,0.0,2
1.0,1.0,0.4449438202247191,0.0,0.39683337521990447,0.0,0.0,0.5911764705882353,0.015712553569072387,0.3877551020408163,0
1.0,0.0,0.7775280898876405,0.0,0.34656948982156316,0.0,0.0,0.65,0.051822148727810165,0.25170068027210885,0
1.0,1.0,0.025842696629213485,1.0,0.34656948982156316,0.125,0.0,0.12058823529411765,0.031425107138144774,0.0,0
1.0,0.5,0.6955056179775282,1.0,0.5224930887157577,0.125,0.0,0.7367647058823529,0.050748620223090936,0.0,0
0.0,1.0,0.2,0.0,0.20834380497612465,0.0,0.0,0.8382352941176471,0.013907073811135496,0.0,0
0.0,0.0,0.7191011235955057,0.0,0.6230208595124404,0.125,0.0,0.15441176470588236,0.1091095334796455,0.21088435374149658,0
1.0,0.0,0.652808988764045,1.0,0.17064589092736868,0.125,0.3333333333333333,0.022058823529411763,0.23422440102965048,0.006802721088435374,0
0.0,1.0,0.853932584269663,1.0,0.2586076903744659,0.25,0.3333333333333333,0.01911764705882353,0.06709553154495196,0.0,0
1.0,0.5,0.7977528089887641,1.0,0.2963056044232219,0.25,0.5,0.027941176470588233,0.03659756266088288,0.0,0
0.0,0.0,0.9179775280898878,0.0,0.7989444584066349,0.125,0.6666666666666666,0.013235294117647059,0.5133418122566507,0.013605442176870748,0
0.0,0.5,0.7359550561797753,0.0,0.38426740387031916,0.0,0.0,0.24558823529411763,0.020494635090094415,0.0,0
1.0,0.5,0.7887640449438202,1.0,0.5601910027645137,0.125,0.16666666666666666,0.03529411764705882,0.05123658772523604,0.0,0
0.0,1.0,0.9471910112359552,0.0,0.24604171902488062,0.0,0.0,0.6147058823529412,0.018542765081513996,0.0,0
0.0,1.0,0.41910112359550566,0.0,0.3088715757728072,0.125,0.0,0.6132352941176471,0.015175789316712771,0.0,0
1.0,0.5,0.7662921348314607,1.0,0.34656948982156316,0.0,0.0,0.9014705882352941,0.025374310111545468,0.0,0
1.0,1.0,0.33595505617977534,0.0,0.34656948982156316,0.0,0.0,0.225,0.015834545444608664,0.0,0
1.0,0.0,0.02696629213483146,0.0,0.04498617743151546,0.0,0.3333333333333333,0.36323529411764705,0.15977676072337862,0.9115646258503401,0
1.0,0.5,0.23932584269662924,1.0,0.15807991957778336,0.0,0.16666666666666666,0.14705882352941177,0.038061465167318204,0.0,0
1.0,0.0,0.4325842696629214,0.0,0.4219653179190751,0.0,0.0,0.3838235294117647,0.051822148727810165,0.0,0
1.0,1.0,0.03146067415730337,1.0,0.05755214878110078,0.25,0.16666666666666666,0.011764705882352941,0.03758969818624431,0.0,1
1.0,0.0,0.6382022471910113,0.0,0.648152802211611,0.0,0.0,0.4985294117647059,0.05953203526170282,0.891156462585034,0
0.0,0.5,0.08988764044943821,0.0,0.4470972606182458,0.125,0.3333333333333333,0.05,0.05416439273810667,0.0,0
0.0,1.0,0.41348314606741576,0.0,0.34656948982156316,0.125,0.0,0.8735294117647059,0.03897240290032268,0.0,0
0.0,0.0,0.7853932584269664,0.0,0.37170143252073384,0.0,0.0,0.22352941176470587,0.05416439273810667,0.9523809523809523,1
1.0,0.0,0.9337078651685394,0.0,0.610454888162855,0.125,0.0,0.06323529411764706,0.17391981561855152,0.17006802721088435,1
0.0,1.0,0.5258426966292136,0.0,0.34656948982156316,0.0,0.0,0.9397058823529412,0.015712553569072387,0.0,0
1.0,1.0,0.7438202247191011,0.0,0.35913546117114853,0.0,0.0,0.6617647058823529,0.015411575213749286,0.0,1
0.0,0.0,0.4966292134831461,0.0,0.8115104297562202,0.0,0.0,0.21911764705882353,0.051822148727810165,0.673469387755102,0
1.0,0.0,0.8280898876404496,1.0,0.34656948982156316,0.125,0.0,0.8411764705882353,0.10122885832000206,0.5986394557823129,0
1.0,0.5,0.8730337078651687,1.0,0.6230208595124404,0.0,0.0,0.44705882352941173,0.020494635090094415,0.0,0
0.0,1.0,0.11235955056179776,0.0,0.34656948982156316,0.0,0.0,0.8058823529411765,0.015126992566498259,0.0,2
1.0,0.0,0.2752808988764045,0.0,0.5978889168132697,0.0,0.0,0.5117647058823529,0.051822148727810165,0.43537414965986393,0
0.0,1.0,0.9269662921348315,0.0,0.4219653179190751,0.0,0.0,0.7514705882352941,0.015712553569072387,0.0,0
0.0,0.0,0.16741573033707866,0.0,0.5853229454636844,0.0,0.0,0.3352941176470588,0.07514699533034619,0.8707482993197279,0
0.0,0.5,0.04943820224719102,0.0,0.5978889168132697,0.0,0.0,0.6691176470588235,0.025374310111545468,0.0,0
0.0,1.0,0.1449438202247191,0.0,0.34656948982156316,0.0,0.0,0.7088235294117647,0.015712553569072387,0.0,0
0.0,1.0,0.28314606741573034,0.0,0.4722292033174164,0.0,0.0,0.975,0.013760683560491965,0.0,0
0.0,0.5,0.36516853932584276,0.0,0.34656948982156316,0.0,0.0,0.055882352941176466,0.0,0.0,0
0.0,0.0,1.0,0.0,0.6984166876099522,0.0,0.0,0.6367647058823529,0.051822148727810165,0.0,0
0.0,1.0,0.13483146067415733,0.0,0.34656948982156316,0.0,0.0,0.3161764705882353,0.015078195816283748,0.0,2
1.0,1.0,0.1303370786516854,1.0,0.0041467705453631576,0.25,0.16666666666666666,0.011764705882352941,0.03758969818624431,0.0,1
0.0,1.0,0.7707865168539326,0.0,0.34656948982156316,0.0,0.0,0.9985294117647059,0.014151057562208049,0.0,0
0.0,1.0,0.4730337078651686,0.0,0.4722292033174164,0.0,0.0,0.6720588235294117,0.016908073949327893,0.0,0
1.0,0.5,0.2573033707865169,1.0,0.4093993465694898,0.125,0.3333333333333333,0.05,0.05416439273810667,0.0,0
1.0,0.5,0.14157303370786517,1.0,0.2837396330736366,0.0,0.0,0.6485294117647059,0.026919605597338588,0.027210884353741496,1
0.0,1.0,0.2651685393258427,1.0,0.2711736617240512,0.0,0.0,0.2838235294117647,0.019201521209409888,0.0,0
0.0,0.0,0.7382022471910114,0.0,0.34656948982156316,0.0,0.0,0.0838235294117647,0.10149724044618187,0.6870748299319728,0
0.0,0.5,0.5179775280898877,0.0,0.4219653179190751,0.125,0.0,0.075,0.04098927018018883,0.0,0
0.0,1.0,0.19325842696629214,0.0,0.35913546117114853,0.125,0.0,0.8264705882352941,0.013752485706455927,0.0,0
0.0,1.0,0.9696629213483147,0.0,0.2711736617240512,0.0,0.0,0.22058823529411764,0.014679623960531627,0.0,0
1.0,1.0,0.9146067415730338,1.0,0.01985423473234481,0.0,0.16666666666666666,0.3779411764705882,0.023983602730431916,0.0,0
0.0,1.0,0.2629213483146068,0.0,0.10781603417944208,0.625,0.3333333333333333,0.0058823529411764705,0.09154270340242172,0.0,0
0.0,0.5,0.601123595505618,0.0,0.34656948982156316,0.0,0.0,0.32794117647058824,0.0,0.0,0
0.0,1.0,0.8438202247191012,0.0,0.6230208595124404,0.0,0.0,0.5485294117647058,0.015712553569072387,0.0,0
1.0,1.0,0.16853932584269665,1.0,0.7863784870570495,0.0,0.0,0.4161764705882353,0.018713553707264782,0.0,0
1.0,0.0,0.7146067415730337,0.0,0.3088715757728072,0.125,0.0,0.1411764705882353,0.17777475888549785,0.2925170068027211,1
0.0,1.0,0.21460674157303372,1.0,0.34656948982156316,0.375,0.16666666666666666,0.01764705882352941,0.049707687947515,0.0,0
1.0,0.0,0.4786516853932585,1.0,0.4345312892686604,0.125,0.0,0.11323529411764706,0.17566830077223786,0.2585034013605442,0
0.0,0.0,0.9977528089887642,0.0,0.723548630309123,0.0,0.0,0.7338235294117647,0.057970539254838485,0.8571428571428571,1
0.0,1.0,0.5483146067415731,0.0,0.37170143252073384,0.0,0.0,0.2514705882352941,0.015712553569072387,0.0,0
1.0,1.0,0.030337078651685397,0.0,0.10781603417944208,0.125,0.16666666666666666,0.08823529411764705,0.031034733136428686,0.0,0
0.0,1.0,0.49101123595505625,0.0,0.34656948982156316,0.125,0.0,0.6779411764705883,0.03897240290032268,0.0,0
0.0,1.0,0.3674157303370787,0.0,0.2586076903744659,0.0,0.0,0.9426470588235294,0.014151057562208049,0.0,0
0.0,0.0,0.4606741573033708,0.0,0.685850716260367,0.0,0.0,0.2338235294117647,0.05953203526170282,0.47619047619047616,0
0.0,0.0,0.8797752808988765,0.0,0.8869062578537321,0.0,0.0,0.8191176470588235,0.09662576327876685,0.0,1
0.0,1.0,0.10449438202247192,0.0,0.2586076903744659,0.0,0.0,0.6544117647058824,0.015712553569072387,0.0,0
0.0,1.0,0.7101123595505618,0.0,0.34656948982156316,0.0,0.0,0.1323529411764706,0.028220722145058292,0.0,1
1.0,0.0,0.9584269662921349,1.0,0.6732847449107816,0.125,0.0,0.08235294117647059,0.1527664244005612,0.2857142857142857,1
0.0,1.0,0.4269662921348315,0.0,0.34656948982156316,0.0,0.0,0.8852941176470588,0.029473237129564348,0.0,0
0.0,0.0,0.7741573033707866,1.0,0.3088715757728072,0.125,0.3333333333333333,0.016176470588235292,0.29580589980036276,0.05442176870748299,0
0.0,1.0,0.2415730337078652,0.0,0.2963056044232219,0.0,0.0,0.7294117647058823,0.015216388212891242,0.0,0
0.0,1.0,0.9247191011235956,0.0,0.20834380497612465,0.0,0.0,0.9867647058823529,0.016908073949327893,0.0,0
0.0,1.0,0.2404494382022472,1.0,0.2586076903744659,0.0,0.0,0.7220588235294118,0.015126992566498259,0.0,2
0.0,1.0,0.6314606741573034,1.0,0.34656948982156316,0.0,0.0,0.5191176470588236,0.014891206669461744,0.0,2
0.0,1.0,0.80561797752809,1.0,0.4596632319678311,0.0,0.0,0.49411764705882355,0.018713553707264782,0.0,0
1.0,0.0,0.020224719101123598,1.0,0.19577783362653933,0.0,0.0,0.029411764705882353,0.16883675574220638,0.4149659863945578,0
0.0,0.0,0.7044943820224719,0.0,0.22090977632571,0.125,0.0,0.16470588235294117,0.2125586439344078,0.24489795918367346,1
1.0,0.5,0.42247191011235957,1.0,0.4093993465694898,0.0,0.3333333333333333,0.18676470588235294,0.050748620223090936,0.0,0
1.0,0.0,0.7179775280898877,0.0,0.34656948982156316,0.0,0.0,0.9823529411764705,0.051822148727810165,0.0,0
0.0,1.0,0.4483146067415731,0.0,0.34656948982156316,0.0,0.0,0.40294117647058825,0.04396587194327397,0.0,0
1.0,1.0,0.09213483146067417,0.0,0.32143754712239253,0.0,0.0,0.0029411764705882353,0.11027245763075773,0.0,0
1.0,1.0,0.8943820224719102,0.0,0.35913546117114853,0.0,0.0,0.6411764705882352,0.015126992566498259,0.0,2
0.0,1.0,0.9415730337078653,0.0,0.34656948982156316,0.0,0.0,0.7205882352941176,0.015712553569072387,0.0,0
1.0,0.0,0.20898876404494385,0.0,0.4470972606182458,0.0,0.0,0.6073529411764705,0.05130978285055781,0.2789115646258503,0
1.0,0.0,0.10898876404494383,1.0,0.6732847449107816,0.125,0.0,0.9455882352941176,0.11594107850967697,0.0,1
0.0,1.0,0.751685393258427,0.0,0.2963056044232219,0.0,0.0,0.9647058823529412,0.014630827210317117,0.0,0
0.0,0.0,0.8078651685393259,0.0,0.5853229454636844,0.0,0.0,0.8088235294117647,0.06640417918791278,0.7006802721088435,0
1.0,0.5,0.008988764044943821,1.0,0.4219653179190751,0.0,0.0,0.586764705882353,0.020494635090094415,0.03401360544217687,0
0.0,1.0,0.2539325842696629,0.0,0.34656948982156316,0.0,0.0,0.041176470588235294,0.04713766070721715,0.0,2
1.0,0.5,0.5224719101123596,1.0,0.4470972606182458,0.125,0.0,0.325,0.050748620223090936,0.0,0
0.0,1.0,0.5191011235955056,0.0,0.39683337521990447,0.0,0.0,0.7014705882352941,0.015411575213749286,0.0,0
1.0,0.0,0.3348314606741573,1.0,0.37170143252073384,0.0,0.0,0.061764705882352944,0.18249984580226933,0.36054421768707484,0
0.0,1.0,0.402247191011236,0.0,0.2711736617240512,0.0,0.0,0.6058823529411764,0.015411575213749286,0.0,0
0.0,1.0,0.37191011235955057,0.0,0.34656948982156316,0.0,0.0,0.9161764705882353,0.014102260811993537,0.0,1
1.0,0.0,0.7898876404494383,1.0,0.5476250314149284,0.0,0.16666666666666666,0.17941176470588235,0.11316786160148591,0.13605442176870747,1
0.0,1.0,0.7337078651685394,0.0,0.34656948982156316,0.0,0.0,0.27941176470588236,0.014110458666029575,0.0,1
0.0,1.0,0.9955056179775281,0.0,0.5036441316913798,0.0,0.0,0.7382352941176471,0.015126992566498259,0.0,2
1.0,0.5,0.41460674157303373,1.0,0.6230208595124404,0.0,0.0,0.27794117647058825,0.020494635090094415,0.0,0
0.0,0.0,0.5202247191011237,0.0,0.34656948982156316,0.0,0.0,0.6191176470588236,0.4328841690069588,0.4421768707482993,0
0.0,1.0,0.1,0.0,0.4847951746670017,0.0,0.0,0.5044117647058823,0.015468569817999833,0.0,0
0.0,0.5,0.8921348314606742,0.0,0.2837396330736366,0.25,0.16666666666666666,0.2926470588235294,0.022446505098674838,0.0,0
1.0,0.5,0.5584269662921348,1.0,0.01985423473234481,0.125,0.16666666666666666,0.18676470588235294,0.050748620223090936,0.0,0
0.0,1.0,0.6393258426966293,0.0,0.34656948982156316,0.0,0.0,0.3411764705882353,0.014110458666029575,0.0,1
0.0,1.0,0.6280898876404495,0.0,0.20834380497612465,0.125,0.16666666666666666,0.5367647058823529,0.014110458666029575,0.0,1
1.0,1.0,0.9921348314606743,1.0,0.34656948982156316,0.0,0.3333333333333333,0.09558823529411764,0.04364049521284362,0.0,1
0.0,1.0,0.07078651685393259,1.0,0.37170143252073384,0.0,0.0,0.3235294117647059,0.016908073949327893,0.0,0
1.0,0.5,0.1359550561797753,1.0,0.08268409148027142,0.0,0.3333333333333333,0.03529411764705882,0.05123658772523604,0.0,0
0.0,0.0,0.6033707865168539,0.0,0.5601910027645137,0.0,0.0,0.6176470588235294,0.051822148727810165,0.8163265306122449,0
1.0,0.0,0.37865168539325844,1.0,0.37170143252073384,0.0,0.0,0.07647058823529412,0.20772776566317125,0.0,1
0.0,1.0,0.3370786516853933,0.0,0.34656948982156316,0.0,0.0,0.4632352941176471,0.028302115124416098,0.0,0
1.0,0.0,0.9988764044943821,1.0,0.2711736617240512,0.0,0.3333333333333333,0.45441176470588235,0.09661756542473082,0.5850340136054422,1
1.0,0.0,0.4842696629213484,1.0,0.4470972606182458,0.0,0.3333333333333333,0.058823529411764705,0.13858277060920987,0.06802721088435373,0
0.0,1.0,0.8955056179775281,1.0,0.10781603417944208,0.5,0.3333333333333333,0.0,0.06104473451835265,0.0,0
0.0,1.0,0.9449438202247192,1.0,0.1329479768786127,0.5,0.3333333333333333,0.0,0.06104473451835265,0.0,0
1.0,0.5,0.27865168539325846,0.0,0.39683337521990447,0.125,0.0,0.13529411764705881,0.050748620223090936,0.0,0
0.0,0.0,0.8258426966292135,0.0,0.6230208595124404,0.125,0.0,0.07647058823529412,0.20772776566317125,0.7959183673469388,1
0.0,0.0,0.2258426966292135,0.0,0.7989444584066349,0.0,0.0,0.9882352941176471,0.050748620223090936,0.0,0
1.0,0.5,0.40898876404494383,1.0,0.2334757476752953,0.125,0.0,0.13529411764705881,0.050748620223090936,0.0,0
1.0,0.5,0.09438202247191012,0.0,0.34656948982156316,0.0,0.0,0.7735294117647059,0.02705779799394608,0.0,1
0.0,1.0,0.30898876404494385,0.0,0.4093993465694898,0.125,0.16666666666666666,0.04264705882352941,0.04006213192611313,0.0,0
1.0,0.5,0.1550561797752809,0.0,0.09525006282985675,0.125,0.16666666666666666,0.1838235294117647,0.07173122281533045,0.0,0
1.0,0.0,0.31235955056179776,0.0,0.20834380497612465,0.0,0.3333333333333333,0.014705882352941176,0.21642978772242535,0.564625850340136,1
0.0,0.5,0.7235955056179776,0.0,0.33400351847197784,0.0,0.0,0.9044117647058824,0.050748620223090936,0.0,0
0.0,1.0,0.903370786516854,0.0,0.34656948982156316,0.0,0.0,0.7544117647058823,0.015281580671177828,0.0,2
1.0,1.0,0.5303370786516854,0.0,0.2711736617240512,0.0,0.0,0.7132352941176471,0.014102260811993537,0.0,1
1.0,1.0,0.4067415730337079,1.0,0.2711736617240512,0.0,0.0,0.538235294117647,0.015175789316712771,0.0,0
0.0,0.0,0.11348314606741575,0.0,0.7738125157074642,0.0,0.0,0.2676470588235294,0.051822148727810165,0.0,0
1.0,0.0,0.7752808988764046,1.0,0.5978889168132697,0.125,0.0,0.19705882352941176,0.07729405233978466,0.3401360544217687,1
0.0,0.0,0.504494382022472,0.0,0.34656948982156316,0.0,0.0,0.020588235294117647,0.4440992237022602,0.0,1
1.0,0.0,0.9089887640449439,1.0,0.4847951746670017,0.125,0.16666666666666666,0.030882352941176472,0.1554664461834305,0.12244897959183673,0
1.0,1.0,0.3056179775280899,1.0,0.4470972606182458,0.125,0.0,0.37058823529411766,0.033962538149299316,0.0,0
0.0,1.0,0.10674157303370788,0.0,0.34656948982156316,0.0,0.0,0.38529411764705884,0.015126992566498259,0.0,2
0.0,1.0,0.07303370786516855,0.0,0.49736114601658704,0.0,0.0,0.3529411764705882,0.015411575213749286,0.0,0
0.0,0.5,0.3112359550561798,0.0,0.34656948982156316,0.0,0.0,0.4176470588235294,0.026350245115835676,0.0,0
0.0,1.0,0.33033707865168543,0.0,0.34656948982156316,0.0,0.0,0.4323529411764706,0.015712553569072387,0.0,0
0.0,1.0,0.38988764044943824,1.0,0.34656948982156316,0.0,0.0,0.4441176470588235,0.015712553569072387,0.0,0
0.0,1.0,0.9000000000000001,0.0,0.2963056044232219,0.25,0.0,0.10441176470588236,0.04713766070721715,0.0,0
0.0,1.0,0.5865168539325843,0.0,0.2334757476752953,0.0,0.0,0.5735294117647058,0.015411575213749286,0.0,0
0.0,1.0,0.5,1.0,0.35913546117114853,0.0,0.6666666666666666,0.025,0.04113566043083236,0.0,0
0.0,1.0,0.24719101123595508,0.0,0.34656948982156316,0.0,0.0,0.5176470588235293,0.014110458666029575,0.0,1
1.0,1.0,0.9876404494382023,0.0,0.39683337521990447,0.0,0.0,0.8294117647058823,0.015330377421392339,0.0,0
1.0,0.5,0.755056179775281,0.0,0.7738125157074642,0.0,0.0,0.6588235294117647,0.020494635090094415,0.0,0
1.0,0.0,0.06741573033707866,1.0,0.6607187735611963,0.25,0.0,0.8279411764705882,0.10048070654571319,0.3333333333333333,0
1.0,0.0,0.9191011235955057,0.0,0.4470972606182458,0.0,0.0,0.39705882352941174,0.051504969851415845,0.2789115646258503,0
1.0,1.0,0.7247191011235956,1.0,0.34656948982156316,0.0,0.0,0.4588235294117647,0.015126992566498259,0.0,2
0.0,1.0,0.37528089887640453,0.0,0.19577783362653933,0.0,0.0,0.34558823529411764,0.015712553569072387,0.0,0
0.0,1.0,0.0651685393258427,0.0,0.2334757476752953,0.0,0.0,0.12794117647058822,0.028302115124416098,0.0,0
1.0,0.5,0.26966292134831465,1.0,0.4219653179190751,0.0,0.0,0.5764705882352941,0.025374310111545468,0.0,0
1.0,0.0,0.5449438202247191,1.0,0.4847951746670017,0.125,0.0,0.15441176470588236,0.1091095334796455,0.21088435374149658,0
0.0,1.0,0.8460674157303372,1.0,0.34656948982156316,0.125,0.0,0.7661764705882352,0.028220722145058292,0.0,1
1.0,1.0,0.33932584269662924,0.0,0.39683337521990447,0.0,0.0,0.3367647058823529,0.015468569817999833,0.0,0
1.0,0.5,0.6932584269662921,1.0,0.3088715757728072,0.125,0.16666666666666666,0.6294117647058823,0.05855610025741262,0.0,0
1.0,0.0,0.44943820224719105,1.0,0.4847951746670017,0.125,0.16666666666666666,0.014705882352941176,0.21642978772242535,0.29931972789115646,1
0.0,0.5,0.9112359550561798,0.0,0.6732847449107816,0.0,0.0,0.175,0.050748620223090936,0.0,0
0.0,0.0,0.9303370786516855,0.0,0.4470972606182458,0.0,0.0,0.5676470588235294,0.07831878409428937,0.9863945578231292,1
0.0,1.0,0.1853932584269663,0.0,0.34656948982156316,0.0,0.0,0.6279411764705882,0.017005667449756914,0.0,1
1.0,0.0,0.23483146067415733,1.0,0.22090977632571,0.0,0.3333333333333333,0.030882352941176472,0.1554664461834305,0.9659863945578231,0
0.0,0.5,0.6719101123595507,0.0,0.5853229454636844,0.0,0.0,0.95,0.02927805012870631,0.0,0
1.0,0.0,0.11460674157303372,0.0,0.7486805730082936,0.125,0.16666666666666666,0.8176470588235294,0.15458810467956932,0.6054421768707483,1
0.0,1.0,0.029213483146067417,0.0,0.2711736617240512,0.0,0.0,0.3014705882352941,0.015712553569072387,0.0,0
0.0,1.0,0.7584269662921349,0.0,0.34656948982156316,0.0,0.0,0.8823529411764706,0.015712553569072387,0.0,0
0.0,1.0,0.6303370786516854,0.0,0.4345312892686604,0.0,0.0,0.9852941176470588,0.013907073811135496,0.0,0
1.0,0.0,0.8617977528089888,1.0,0.648152802211611,0.125,0.0,0.08235294117647059,0.1527664244005612,0.2857142857142857,1
0.0,1.0,0.553932584269663,0.0,0.5853229454636844,0.0,0.0,0.25441176470588234,0.014151057562208049,0.0,0
0.0,1.0,0.06966292134831462,1.0,0.34656948982156316,0.0,0.3333333333333333,0.9073529411764706,0.015126992566498259,0.0,2
0.0,0.5,0.28202247191011237,0.0,0.4596632319678311,0.125,0.0,0.24705882352941178,0.050748620223090936,0.0,0
0.0,1.0,0.048314606741573035,0.0,0.4470972606182458,0.125,0.16666666666666666,0.033823529411764704,0.04713766070721715,0.0,0
1.0,0.5,0.3471910112359551,1.0,0.34656948982156316,0.0,0.0,0.047058823529411764,0.06441171028315387,0.0,0
0.0,1.0,0.45842696629213486,0.0,0.610454888162855,0.0,0.0,0.023529411764705882,0.0,0.0,0
0.0,1.0,0.655056179775281,0.0,0.34656948982156316,0.0,0.0,0.9294117647058824,0.014102260811993537,0.0,1
1.0,0.0,0.4426966292134832,0.0,0.610454888162855,0.125,0.0,0.16911764705882354,0.11111839809247648,1.0,1
1.0,0.5,0.07865168539325844,1.0,0.2963056044232219,0.25,0.16666666666666666,0.09411764705882353,0.05270049023167135,0.0,0
0.0,1.0,0.30337078651685395,0.0,0.34656948982156316,0.0,0.0,0.9632352941176471,0.015411575213749286,0.0,0
0.0,0.0,0.8089887640449439,0.0,0.34656948982156316,0.0,0.0,0.7588235294117647,0.08275928836380983,0.0,0
0.0,1.0,0.6337078651685394,0.0,0.5476250314149284,0.0,0.0,0.9720588235294118,0.015712553569072387,0.0,0
1.0,0.0,0.6438202247191012,0.0,0.4345312892686604,0.0,0.0,0.425,0.051822148727810165,0.0,1
0.0,1.0,0.8651685393258428,0.0,0.4470972606182458,0.125,0.0,0.7941176470588235,0.030351578633425542,0.0,0
0.0,1.0,0.12247191011235956,0.0,0.37170143252073384,0.0,0.0,0.43529411764705883,0.015411575213749286,0.0,0
1.0,0.0,0.7089887640449439,0.0,0.33400351847197784,0.0,0.0,0.9176470588235294,0.05953203526170282,0.0,0
1.0,0.5,0.3044943820224719,1.0,0.2711736617240512,0.125,0.3333333333333333,0.039705882352941174,0.08115719346076702,0.0,1
1.0,0.0,0.9314606741573035,1.0,0.49736114601658704,0.0,0.0,0.04852941176470588,0.2995388511917728,0.09523809523809523,0
0.0,1.0,0.21123595505617979,1.0,0.4847951746670017,0.125,0.8333333333333333,0.0,0.06104473451835265,0.0,0
0.0,1.0,0.2314606741573034,0.0,0.34656948982156316,0.0,0.0,0.23088235294117646,0.013760683560491965,0.0,0
1.0,1.0,0.856179775280899,1.0,0.34656948982156316,0.125,0.0,0.09852941176470588,0.030253985132996517,0.0,2
0.0,1.0,0.3134831460674158,0.0,0.34656948982156316,0.0,0.0,0.9102941176470588,0.015126992566498259,0.0,2
0.0,1.0,0.8247191011235956,0.0,0.4345312892686604,0.0,0.0,0.8661764705882353,0.015712553569072387,0.0,0
1.0,0.5,0.451685393258427,1.0,0.2963056044232219,0.125,0.3333333333333333,0.10294117647058823,0.12687155055772734,0.0,0
0.0,1.0,0.9853932584269663,0.0,0.4219653179190751,0.125,0.16666666666666666,0.13088235294117648,0.028106928123558056,0.0,0
0.0,1.0,0.1157303370786517,1.0,0.32143754712239253,0.125,0.0,0.09705882352941177,0.031425107138144774,0.0,0
1.0,0.5,0.9528089887640451,1.0,0.04498617743151546,0.25,0.16666666666666666,0.18529411764705883,0.07612293033463641,0.20408163265306123,0
0.0,0.5,0.4303370786516854,0.0,0.32143754712239253,0.0,0.0,0.7029411764705882,0.020494635090094415,0.0,0
0.0,1.0,0.13258426966292136,0.0,0.33400351847197784,0.125,0.0,0.13970588235294118,0.028212719478023115,0.0,1
1.0,0.0,0.2662921348314607,0.0,0.5224930887157577,0.125,0.0,0.20735294117647057,0.10257896680493714,0.7142857142857143,0
1.0,1.0,0.15280898876404495,0.0,0.24604171902488062,0.125,0.16666666666666666,0.17352941176470588,0.030725752114070404,0.0,1
0.0,1.0,0.12921348314606743,0.0,0.2586076903744659,0.0,0.0,0.7897058823529411,0.015330377421392339,0.0,0
0.0,1.0,0.26179775280898876,0.0,0.2586076903744659,0.0,0.0,0.11911764705882352,0.031425107138144774,0.0,0
0.0,0.0,0.1460674157303371,0.0,0.7612465443578789,0.0,0.0,0.40441176470588236,0.06308600017332605,0.782312925170068,0
0.0,0.5,0.09101123595505618,0.0,0.7109826589595376,0.0,0.0,0.43676470588235294,0.024105594605968193,0.0,2
1.0,0.0,0.16179775280898878,1.0,0.2586076903744659,0.0,0.0,0.057352941176470586,0.15216446768991498,0.4489795918367347,0
0.0,1.0,0.5112359550561798,0.0,0.32143754712239253,0.0,0.0,0.8720588235294118,0.015411575213749286,0.0,0
0.0,1.0,0.08314606741573034,0.0,0.34656948982156316,0.0,0.0,0.3588235294117647,0.015094396337354966,0.0,2
1.0,0.0,0.3887640449438203,0.0,1.0,0.0,0.0,0.7955882352941176,0.05855610025741262,0.7210884353741497,0
0.0,1.0,0.16404494382022472,0.0,0.6355868308620256,0.0,0.0,0.3911764705882353,0.013768881414528002,0.0,0
1.0,0.0,0.12808988764044946,0.0,0.39683337521990447,0.0,0.0,0.8044117647058824,0.05953203526170282,0.4013605442176871,1
0.0,0.0,0.6449438202247192,0.0,0.34656948982156316,0.0,0.0,0.3735294117647059,0.0,0.0,0
0.0,1.0,0.6752808988764045,1.0,0.10781603417944208,0.375,0.3333333333333333,0.007352941176470588,0.05445717323939373,0.0,0
1.0,0.5,0.9258426966292136,1.0,0.34656948982156316,0.0,0.0,0.5897058823529412,0.025374310111545468,0.0,0
0.0,1.0,0.6000000000000001,0.0,0.39683337521990447,0.0,0.0,0.4455882352941176,0.015468569817999833,0.0,0
0.0,0.5,0.2910112359550562,0.0,0.38426740387031916,0.125,0.16666666666666666,0.052941176470588235,0.05123658772523604,0.0,0
0.0,1.0,0.45955056179775283,1.0,0.5099271173661725,0.0,0.8333333333333333,0.004411764705882353,0.07746484096553544,0.0,0
0.0,1.0,0.5640449438202247,0.0,0.34656948982156316,0.125,0.0,0.12058823529411765,0.031425107138144774,0.0,0
0.0,1.0,0.21348314606741575,0.0,0.24604171902488062,0.0,0.0,0.6397058823529411,0.015330377421392339,0.0,0
1.0,0.0,0.1606741573033708,1.0,0.2963056044232219,0.0,0.0,0.12205882352941176,0.13526459159462315,0.07482993197278912,1
0.0,1.0,0.6573033707865169,1.0,0.01985423473234481,0.375,0.3333333333333333,0.007352941176470588,0.05445717323939373,0.0,0
1.0,1.0,0.4280898876404495,0.0,0.34656948982156316,0.0,0.0,0.0029411764705882353,0.11027245763075773,0.0,0
1.0,1.0,0.8348314606741574,1.0,0.0041467705453631576,0.25,0.16666666666666666,0.011764705882352941,0.03758969818624431,0.0,1
1.0,0.0,0.5719101123595506,0.0,0.5978889168132697,0.125,0.0,0.03823529411764706,0.1497654242623688,0.1564625850340136,1
0.0,1.0,0.6359550561797753,0.0,0.2334757476752953,0.0,0.0,0.7102941176470589,0.015411575213749286,0.0,0
1.0,0.0,0.6887640449438203,0.0,0.6984166876099522,0.0,0.0,0.21029411764705883,0.06929138530460494,0.9727891156462585,1
0.0,1.0,0.040449438202247195,0.0,0.34656948982156316,0.0,0.0,0.2485294117647059,0.014736618564782174,0.0,0
1.0,1.0,0.5808988764044944,1.0,0.2837396330736366,0.0,0.0,0.5705882352941176,0.014736618564782174,0.0,0
0.0,1.0,0.9224719101123596,0.0,0.34656948982156316,0.0,0.0,0.6161764705882353,0.015411575213749286,0.0,0
1.0,0.5,0.48539325842696635,1.0,0.22090977632571,0.0,0.16666666666666666,0.08529411764705883,0.044893010197349675,0.0,0
0.0,1.0,0.2213483146067416,0.0,0.2586076903744659,0.0,0.0,0.32941176470588235,0.01646070534336126,0.0,0
1.0,1.0,0.021348314606741574,1.0,0.34656948982156316,0.0,0.0,0.3382352941176471,0.015281580671177828,0.0,2
0.0,1.0,0.8629213483146068,1.0,0.22090977632571,0.0,0.0,0.3044117647058823,0.013175122557917838,0.0,2
0.0,0.5,0.6348314606741574,0.0,0.2963056044232219,0.25,0.0,0.010294117647058823,0.1434624456306609,0.0,0
0.0,1.0,0.09887640449438204,0.0,0.34656948982156316,0.0,0.0,0.35,0.015411575213749286,0.0,0
0.0,1.0,0.44382022471910115,1.0,0.39683337521990447,0.125,0.16666666666666666,0.18970588235294117,0.030253985132996517,0.0,2
0.0,0.5,0.5966292134831461,0.0,0.2837396330736366,0.0,0.0,0.7794117647058824,0.025374310111545468,0.0,0
0.0,0.0,0.9404494382022472,0.0,0.723548630309123,0.0,0.3333333333333333,0.051470588235294115,0.22109807522194713,0.8979591836734694,1
1.0,0.0,0.5842696629213484,0.0,0.6230208595124404,0.25,0.0,0.07794117647058824,0.2608674266467732,0.0,0
0.0,1.0,0.8775280898876405,0.0,0.49736114601658704,0.0,0.0,0.7705882352941177,0.014102260811993537,0.0,1
0.0,0.0,0.5797752808988764,0.0,0.5853229454636844,0.0,0.0,0.9220588235294117,0.04994347384455151,0.4557823129251701,0
0.0,1.0,0.9561797752808989,0.0,0.4470972606182458,0.0,0.0,0.7441176470588236,0.014630827210317117,0.0,0
1.0,1.0,0.19775280898876407,0.0,0.24604171902488062,0.125,0.0,0.31176470588235294,0.015468569817999833,0.0,0
0.0,0.5,0.40786516853932586,0.0,0.39683337521990447,0.25,0.0,0.010294117647058823,0.1434624456306609,0.0,0
0.0,0.5,0.26404494382022475,0.0,0.3088715757728072,0.0,0.0,0.6529411764705882,0.025374310111545468,0.0,0
0.0,1.0,0.38426966292134834,0.0,0.34656948982156316,0.0,0.0,0.5808823529411765,0.015175789316712771,0.0,0
0.0,1.0,0.5775280898876405,0.0,0.5350590600653431,0.0,0.0,0.8897058823529411,0.015712553569072387,0.0,0
1.0,0.0,0.5337078651685394,1.0,0.34656948982156316,0.125,0.0,0.19264705882352942,0.10149724044618187,0.08843537414965986,0
1.0,0.5,0.22808988764044946,1.0,0.49736114601658704,0.125,0.16666666666666666,0.08088235294117647,0.07612293033463641,0.0,0
0.0,0.0,0.08876404494382023,0.0,0.38426740387031916,0.125,0.0,0.2867647058823529,0.10149724044618187,0.6938775510204082,0
0.0,0.5,0.302247191011236,0.0,0.8743402865041467,0.0,0.0,0.5529411764705883,0.020494635090094415,0.0,0
1.0,0.5,0.8370786516853933,0.0,0.38426740387031916,0.0,0.0,0.41323529411764703,0.025374310111545468,0.0,0
0.0,0.5,0.2988764044943821,0.0,0.34656948982156316,0.0,0.0,1.0,0.0,0.0,0
0.0,1.0,0.19438202247191014,0.0,0.22090977632571,0.0,0.0,0.6426470588235293,0.015175789316712771,0.0,0
0.0,1.0,0.8741573033707866,0.0,0.30258859009801453,0.0,0.0,0.36911764705882355,0.015712553569072387,0.0,0
1.0,1.0,0.7674157303370788,1.0,0.22090977632571,0.0,0.0,0.8808823529411764,0.019209719063445922,0.0,0
0.0,1.0,0.3561797752808989,1.0,0.5350590600653431,0.125,1.0,0.0058823529411764705,0.09154270340242172,0.0,0
1.0,0.0,0.6471910112359551,0.0,0.4470972606182458,0.0,0.16666666666666666,0.044117647058823525,1.0,0.23809523809523808,1
0.0,1.0,0.9674157303370787,1.0,0.34656948982156316,0.0,0.0,0.5088235294117647,0.01588334219482317,0.0,2
1.0,0.0,0.9438202247191012,0.0,0.33400351847197784,0.0,0.0,0.03823529411764706,0.1497654242623688,0.5102040816326531,1
0.0,1.0,0.8853932584269664,0.0,0.24604171902488062,0.0,0.0,0.6926470588235294,0.01800600082915438,0.0,0
0.0,1.0,0.20674157303370788,0.0,0.17064589092736868,0.625,0.3333333333333333,0.0058823529411764705,0.09154270340242172,0.0,0
0.0,0.5,0.4955056179775281,0.0,0.7486805730082936,0.125,0.16666666666666666,0.08088235294117647,0.07612293033463641,0.0,0
0.0,0.5,0.9685393258426968,0.0,0.3088715757728072,0.125,0.3333333333333333,0.039705882352941174,0.08115719346076702,0.0,1
0.0,1.0,0.8235955056179776,0.0,0.17064589092736868,0.5,0.16666666666666666,0.004411764705882353,0.07746484096553544,0.0,0
0.0,1.0,0.13820224719101123,0.0,0.2334757476752953,0.0,0.0,0.7352941176470588,0.019852079483269742,0.0,0
0.0,1.0,0.6123595505617978,0.0,0.22090977632571,0.0,0.0,0.8397058823529412,0.015216388212891242,0.0,0
1.0,0.0,0.17528089887640452,1.0,0.18321186227695402,0.0,0.16666666666666666,0.045588235294117645,0.41250332793836464,0.27210884353741494,0
1.0,0.0,0.3584269662921349,0.0,0.38426740387031916,0.125,0.0,0.1264705882352941,0.11125659048908397,0.19727891156462585,0
1.0,1.0,0.6584269662921349,1.0,0.04498617743151546,0.0,0.16666666666666666,0.4808823529411765,0.026187654344120927,0.0,1
1.0,1.0,0.3202247191011236,0.0,0.34656948982156316,0.0,0.0,0.0029411764705882353,0.11027245763075773,0.0,0
0.0,1.0,0.9483146067415731,0.0,0.3088715757728072,0.0,0.0,0.4661764705882353,0.014102260811993537,0.0,1
0.0,0.0,0.0022471910112359553,0.0,0.7486805730082936,0.0,0.0,0.5029411764705882,0.051822148727810165,0.0,0
0.0,0.5,0.48876404494382025,0.0,0.648152802211611,0.0,0.0,0.7647058823529411,0.026350245115835676,0.0,0
0.0,1.0,0.3730337078651686,0.0,0.5476250314149284,0.0,0.0,0.3926470588235294,0.015712553569072387,0.0,0
1.0,1.0,0.6831460674157304,1.0,0.34656948982156316,0.0,0.0,0.35441176470588237,0.015094396337354966,0.0,2
0.0,0.0,0.4617977528089888,0.0,0.610454888162855,0.125,0.16666666666666666,0.014705882352941176,0.21642978772242535,0.29931972789115646,1
0.0,1.0,0.20786516853932585,0.0,0.5224930887157577,0.0,0.0,0.43970588235294117,0.014931805565640218,0.5918367346938775,0
1.0,0.0,0.2359550561797753,1.0,0.22090977632571,0.125,0.0,0.020588235294117647,0.4440992237022602,0.6326530612244897,1
1.0,0.0,0.4898876404494382,0.0,0.4345312892686604,0.0,0.0,0.2426470588235294,0.05130978285055781,0.11564625850340135,0
0.0,1.0,0.70561797752809,1.0,0.22090977632571,0.0,0.16666666666666666,0.060294117647058824,0.028212719478023115,0.0,1
0.0,1.0,0.10112359550561799,0.0,0.3088715757728072,0.0,0.0,0.8779411764705882,0.015110792045427042,0.0,2
0.0,1.0,0.28876404494382024,0.0,0.32143754712239253,0.125,0.0,0.7191176470588235,0.015330377421392339,0.0,0
0.0,0.5,0.7483146067415731,0.0,0.4847951746670017,0.0,0.0,0.15735294117647058,0.050748620223090936,0.0,0
1.0,0.5,0.4719101123595506,1.0,0.5601910027645137,0.0,0.0,0.7235294117647059,0.026350245115835676,0.0,0
1.0,0.0,0.10224719101123596,0.0,0.5224930887157577,0.0,0.0,0.3426470588235294,0.05130978285055781,0.11564625850340135,0
1.0,0.0,0.2775280898876405,1.0,0.2711736617240512,0.0,0.0,0.016176470588235292,0.29580589980036276,0.0,0
1.0,1.0,0.7955056179775282,0.0,0.34656948982156316,0.125,0.16666666666666666,0.18823529411764706,0.029757819776815374,0.0,1
1.0,0.0,0.5359550561797753,1.0,0.2963056044232219,0.0,0.0,0.4279411764705882,0.09662576327876685,0.6190476190476191,1
0.0,0.0,0.551685393258427,0.0,0.34656948982156316,0.0,0.0,0.7676470588235293,0.051822148727810165,0.3129251700680272,0
1.0,0.0,0.9168539325842697,0.0,0.5978889168132697,0.125,0.0,0.19264705882352942,0.10149724044618187,0.08843537414965986,0
0.0,1.0,0.3078651685393259,0.0,0.35913546117114853,0.0,0.0,0.7147058823529412,0.018510168852370702,0.0,0
0.0,0.5,0.30000000000000004,0.0,0.648152802211611,0.0,0.0,0.10588235294117647,0.025374310111545468,0.0,0
0.0,1.0,0.14943820224719104,0.0,0.2334757476752953,0.0,0.0,0.3029411764705882,0.014931805565640218,0.14965986394557823,0
1.0,0.0,0.7629213483146068,1.0,0.4722292033174164,0.0,0.0,0.020588235294117647,0.4440992237022602,0.36734693877551017,1
1.0,0.5,0.555056179775281,1.0,0.33400351847197784,0.0,0.0,0.8588235294117647,0.020494635090094415,0.04081632653061224,0
0.0,1.0,0.4775280898876405,0.0,0.34656948982156316,0.0,0.0,0.9367647058823529,0.030253985132996517,0.0,2
0.0,1.0,0.9134831460674158,0.0,0.4093993465694898,0.0,0.0,0.39852941176470585,0.015175789316712771,0.0,0
1.0,0.5,0.5370786516853933,1.0,0.0701181201306861,0.0,0.16666666666666666,0.047058823529411764,0.06441171028315387,0.0,0
0.0,1.0,0.4831460674157304,0.0,0.20834380497612465,0.125,0.0,0.6882352941176471,0.013768881414528002,0.0,0
0.0,0.5,0.014606741573033709,0.0,0.4219653179190751,0.0,0.0,0.8,0.025374310111545468,0.0,0
0.0,0.5,0.038202247191011236,0.0,0.6230208595124404,0.0,0.0,0.6044117647058823,0.025374310111545468,0.0,0
1.0,0.0,0.43820224719101125,0.0,0.33400351847197784,0.125,0.0,0.14411764705882352,0.10364429745562033,0.16326530612244897,0
0.0,1.0,0.6494382022471911,0.0,0.24604171902488062,0.0,0.0,0.7808823529411765,0.016908073949327893,0.0,0
1.0,0.5,0.4471910112359551,1.0,0.37170143252073384,0.375,0.0,0.075,0.04098927018018883,0.0,0
1.0,1.0,0.8550561797752809,1.0,0.34656948982156316,0.0,0.0,0.6808823529411765,0.015102594191391004,0.0,2
0.0,0.5,0.0011235955056179776,0.0,0.3088715757728072,0.125,0.0,0.2529411764705882,0.050748620223090936,0.0,0
0.0,1.0,0.550561797752809,1.0,0.3088715757728072,0.125,0.0,0.8102941176470588,0.015468569817999833,0.0,0
1.0,0.0,0.07752808988764046,1.0,0.35913546117114853,0.0,0.0,0.045588235294117645,0.41250332793836464,0.27210884353741494,0
0.0,1.0,0.23820224719101127,0.0,0.1329479768786127,0.0,0.0,0.10147058823529412,0.036670757786204655,0.0,1
0.0,0.5,0.5247191011235955,0.0,0.34656948982156316,0.0,0.0,0.9088235294117647,0.0,0.0,0
0.0,0.5,0.352808988764045,0.0,0.2837396330736366,0.0,0.0,0.9117647058823529,0.025374310111545468,0.0,0
0.0,0.5,0.1404494382022472,0.0,0.2837396330736366,0.0,0.0,0.7779411764705882,0.025374310111545468,0.0,0
0.0,1.0,0.6640449438202248,0.0,0.35285247549635584,0.0,0.0,0.11911764705882352,0.031425107138144774,0.0,0
0.0,1.0,0.3382022471910113,1.0,0.5978889168132697,0.125,0.5,0.01911764705882353,0.06709553154495196,0.0,0
1.0,0.0,0.6370786516853933,0.0,0.4345312892686604,0.0,0.0,0.044117647058823525,1.0,0.8095238095238095,1
0.0,1.0,0.8977528089887641,0.0,0.34656948982156316,0.0,0.0,0.8117647058823529,0.015411575213749286,0.0,0
0.0,1.0,0.8808988764044945,0.0,0.34656948982156316,0.0,0.0,0.9926470588235294,0.015411575213749286,0.0,0
1.0,0.0,0.6561797752808989,0.0,0.34656948982156316,0.0,0.0,0.23970588235294119,0.05855610025741262,0.40816326530612246,0
0.0,0.0,0.2955056179775281,0.0,0.4470972606182458,0.125,0.0,0.1161764705882353,0.15390495017656614,0.5578231292517006,0
1.0,0.0,0.18764044943820227,1.0,0.2586076903744659,0.25,0.3333333333333333,0.1338235294117647,0.5121218935012878,0.10204081632653061,1
0.0,1.0,0.251685393258427,0.0,0.2963056044232219,0.125,0.0,0.9573529411764706,0.031425107138144774,0.0,0
1.0,1.0,0.5988764044943821,0.0,0.38426740387031916,0.0,0.0,0.5220588235294118,0.015468569817999833,0.0,0
0.0,0.0,0.12134831460674159,0.0,0.8743402865041467,0.125,0.16666666666666666,0.058823529411764705,0.13858277060920987,0.06802721088435373,0
0.0,1.0,0.7224719101123596,0.0,0.19577783362653933,0.125,0.16666666666666666,0.15294117647058825,0.03952536767375352,0.0,0
1.0,0.5,0.011235955056179777,1.0,0.37170143252073384,0.0,0.0,0.4,0.025374310111545468,0.0,0
0.0,0.0,0.5146067415730338,0.0,0.2334757476752953,0.125,0.0,0.2,0.10364429745562033,0.727891156462585,0
0.0,1.0,0.10337078651685394,0.0,0.38426740387031916,0.0,0.0,0.7470588235294118,0.015126992566498259,0.0,2
1.0,0.5,0.3775280898876405,1.0,0.04498617743151546,0.125,0.16666666666666666,0.2323529411764706,0.044893010197349675,0.0,0
1.0,1.0,0.5730337078651686,0.0,0.0701181201306861,0.0,0.16666666666666666,0.1,0.024349578357040744,0.30612244897959184,0
0.0,1.0,0.07415730337078652,0.0,0.4093993465694898,0.0,0.0,0.9485294117647058,0.018542765081513996,0.0,0
0.0,1.0,0.7719101123595506,0.0,0.2837396330736366,0.0,0.0,0.8161764705882353,0.015411575213749286,0.0,0
1.0,0.5,0.150561797752809,1.0,0.5978889168132697,0.125,0.3333333333333333,0.10294117647058823,0.12687155055772734,0.0,0
1.0,0.5,0.3314606741573034,0.0,0.003141492837396331,0.125,0.16666666666666666,0.1676470588235294,0.028302115124416098,0.0,0
0.0,1.0,0.5157303370786517,0.0,0.34656948982156316,0.0,0.0,0.8941176470588235,0.015216388212891242,0.0,0
0.0,0.5,0.4393258426966293,0.0,0.22090977632571,0.0,0.0,0.31323529411764706,0.022446505098674838,0.0,0
0.0,1.0,0.8494382022471911,0.0,0.4219653179190751,0.0,0.0,0.7397058823529412,0.015712553569072387,0.0,0
1.0,0.0,0.4561797752808989,1.0,0.4093993465694898,0.0,0.0,0.029411764705882353,0.16883675574220638,0.22448979591836735,0
0.0,1.0,0.47078651685393264,0.0,0.34656948982156316,0.0,0.0,0.12794117647058822,0.028302115124416098,0.0,0
0.0,1.0,0.648314606741573,0.0,0.5099271173661725,0.0,0.0,0.9249999999999999,0.013907073811135496,0.0,0
1.0,1.0,0.0033707865168539327,0.0,0.24604171902488062,0.0,0.0,0.29411764705882354,0.014110458666029575,0.0,1
1.0,0.0,0.753932584269663,1.0,0.4470972606182458,0.125,0.3333333333333333,0.022058823529411763,0.23422440102965048,0.006802721088435374,0
0.0,1.0,0.02808988764044944,0.0,0.19577783362653933,0.0,0.0,0.27647058823529413,0.015175789316712771,0.0,0
1.0,0.0,0.07191011235955057,1.0,0.6355868308620256,0.125,0.0,0.057352941176470586,0.15216446768991498,0.4693877551020408,0
0.0,0.0,0.035955056179775284,0.0,0.34656948982156316,0.0,0.0,0.638235294117647,0.07729405233978466,0.0,1
0.0,1.0,0.703370786516854,1.0,0.3779844181955265,0.0,0.0,0.38823529411764707,0.015126992566498259,0.0,2
0.0,1.0,0.18876404494382024,0.0,0.34656948982156316,0.125,0.0,0.041176470588235294,0.04713766070721715,0.0,2
0.0,1.0,0.6651685393258427,0.0,0.39683337521990447,0.0,0.0,0.625,0.016322512946753766,0.0,0
0.0,1.0,0.8910112359550563,0.0,0.2963056044232219,0.0,0.0,0.8132352941176471,0.018542765081513996,0.0,0
0.0,1.0,0.14831460674157304,0.0,0.5978889168132697,0.0,0.0,0.27058823529411763,0.015330377421392339,0.0,0
0.0,0.5,0.5617977528089888,1.0,0.7109826589595376,0.0,0.0,0.17058823529411765,0.020494635090094415,0.6258503401360545,0
0.0,1.0,0.8,0.0,0.34656948982156316,0.0,0.0,0.4838235294117647,0.014102260811993537,0.0,1
1.0,0.5,0.5438202247191012,1.0,0.6732847449107816,0.125,0.5,0.6955882352941176,0.044893010197349675,0.0,0
0.0,1.0,0.5629213483146068,0.0,0.22090977632571,0.0,0.0,0.4411764705882353,0.015126992566498259,0.0,0
0.0,1.0,0.2865168539325843,0.0,0.34656948982156316,0.0,0.0,0.3191176470588235,0.015126992566498259,0.8299319727891156,2
1.0,1.0,0.9292134831460674,1.0,0.05755214878110078,0.0,0.0,0.09117647058823529,0.024349578357040744,0.0,0
0.0,1.0,0.6775280898876405,0.0,0.34656948982156316,0.0,0.0,0.38235294117647056,0.015102594191391004,0.0,2
1.0,0.0,0.5348314606741573,1.0,0.5350590600653431,0.0,0.16666666666666666,0.045588235294117645,0.41250332793836464,0.4965986394557823,0
1.0,1.0,0.2269662921348315,1.0,0.15807991957778336,0.0,0.0,0.9514705882352941,0.014110458666029575,0.0,1
1.0,0.0,0.5471910112359551,1.0,0.20834380497612465,0.125,0.0,0.1264705882352941,0.11125659048908397,0.19727891156462585,0
0.0,0.0,0.17303370786516856,0.0,0.35913546117114853,0.0,0.0,0.7426470588235294,0.05855610025741262,0.38095238095238093,0
0.0,1.0,0.6865168539325843,0.0,0.34656948982156316,0.125,0.3333333333333333,0.16176470588235295,0.04577135170121086,0.0,0
0.0,1.0,0.007865168539325843,0.0,0.3088715757728072,0.0,0.0,0.34705882352941175,0.013760683560491965,0.0,0
0.0,1.0,0.752808988764045,0.0,0.3088715757728072,0.0,0.0,0.85,0.014151057562208049,0.0,0
1.0,1.0,0.11011235955056181,1.0,0.22090977632571,0.0,0.0,0.6558823529411765,0.014630827210317117,0.0,0
0.0,1.0,0.6977528089887641,0.0,0.09525006282985675,0.5,0.16666666666666666,0.008823529411764706,0.05684821399990475,0.0,2
1.0,1.0,0.2876404494382023,0.0,0.007288263382759488,0.125,0.3333333333333333,0.10735294117647058,0.04015972542654215,0.0,0
0.0,0.0,0.12359550561797754,0.0,0.5727569741140991,0.0,0.0,0.1588235294117647,0.15458810467956932,0.4625850340136054,1
0.0,1.0,0.6258426966292135,0.0,0.34656948982156316,0.0,0.0,0.6823529411764706,0.015126992566498259,0.0,2
0.0,0.5,0.9382022471910113,0.0,0.19577783362653933,0.0,0.0,0.19117647058823528,0.050748620223090936,0.0,0
0.0,1.0,0.04606741573033708,1.0,0.34656948982156316,1.0,0.3333333333333333,0.0014705882352941176,0.13575255909676825,0.0,0
0.0,0.0,0.5280898876404495,0.0,0.34656948982156316,0.0,0.0,0.5514705882352942,0.05991421140938287,0.0,1
0.0,1.0,0.22921348314606743,0.0,0.3088715757728072,0.0,0.0,0.5161764705882352,0.015411575213749286,0.0,0
0.0,0.5,0.2595505617977528,0.0,0.4847951746670017,0.0,0.0,0.21470588235294116,0.025374310111545468,0.0,0
1.0,0.0,0.2056179775280899,1.0,0.610454888162855,0.0,0.0,0.5264705882352941,0.050610427826483444,0.08163265306122448,0
1.0,1.0,0.4359550561797753,1.0,0.38426740387031916,0.0,0.0,0.6661764705882353,0.016948672845506364,0.0,0
0.0,1.0,0.8988764044943821,0.0,0.37170143252073384,0.0,0.0,0.8014705882352942,0.014110458666029575,0.0,1
0.0,1.0,0.17415730337078653,1.0,0.37170143252073384,0.125,0.16666666666666666,0.033823529411764704,0.04713766070721715,0.0,0
0.0,0.5,0.7921348314606742,0.0,0.4219653179190751,0.0,0.0,0.10588235294117647,0.025374310111545468,0.0,0
1.0,0.5,0.11685393258426967,1.0,0.38426740387031916,0.125,0.16666666666666666,0.052941176470588235,0.05123658772523604,0.0,0
1.0,0.0,0.6741573033707866,0.0,0.1329479768786127,0.125,0.3333333333333333,0.022058823529411763,0.23422440102965048,0.006802721088435374,0
1.0,1.0,0.11123595505617978,0.0,0.0,0.0,0.16666666666666666,0.6470588235294118,0.016623491302076868,0.0,1
1.0,1.0,0.050561797752808994,0.0,0.33400351847197784,0.0,0.0,0.4852941176470588,0.013614293309848433,0.0,0
0.0,1.0,0.9707865168539327,0.0,0.38426740387031916,0.0,0.0,0.5352941176470588,0.015175789316712771,0.0,0
0.0,0.0,0.5741573033707865,0.0,0.4847951746670017,0.0,0.0,0.9352941176470588,0.0,0.7755102040816326,0
0.0,1.0,0.6213483146067417,1.0,0.22090977632571,0.0,0.0,0.9558823529411764,0.015175789316712771,0.0,0
0.0,0.5,0.4865168539325843,0.0,0.4847951746670017,0.0,0.0,0.5602941176470588,0.025374310111545468,0.0,0
1.0,0.0,0.19887640449438204,1.0,0.4093993465694898,0.125,0.0,0.14411764705882352,0.10364429745562033,0.16326530612244897,0
0.0,1.0,0.351685393258427,0.0,0.32143754712239253,0.0,0.0,0.8514705882352941,0.015395374692678068,0.0,0
0.0,1.0,0.3910112359550562,0.0,0.4847951746670017,0.0,0.0,0.10441176470588236,0.04713766070721715,0.0,0
0.0,0.5,0.4820224719101124,0.0,0.4345312892686604,0.0,0.0,0.24411764705882352,0.020494635090094415,0.0,0
0.0,1.0,0.12471910112359552,1.0,0.0701181201306861,0.5,0.3333333333333333,0.0,0.06104473451835265,0.0,0
0.0,1.0,0.6235955056179776,0.0,0.3779844181955265,0.0,0.0,0.9411764705882353,0.015712553569072387,0.0,0
0.0,0.0,0.7696629213483147,0.0,0.34656948982156316,0.0,0.0,0.5647058823529412,0.0,0.8843537414965986,0
0.0,1.0,0.6078651685393259,1.0,0.2837396330736366,0.0,0.0,0.8147058823529412,0.015468569817999833,0.0,0
0.0,0.5,0.38089887640449444,0.0,0.38426740387031916,0.125,0.16666666666666666,0.07205882352941176,0.07222738817151159,0.0,1
0.0,1.0,0.03370786516853933,0.0,0.5350590600653431,0.0,0.0,0.4617647058823529,0.012589561555343713,0.0,0
0.0,1.0,0.9865168539325844,0.0,0.12038200552902739,0.375,0.3333333333333333,0.007352941176470588,0.05445717323939373,0.0,0
1.0,0.0,0.957303370786517,1.0,0.648152802211611,0.125,0.16666666666666666,0.061764705882352944,0.18249984580226933,0.42857142857142855,0
1.0,1.0,0.22022471910112362,0.0,0.33400351847197784,0.0,0.0,0.8970588235294118,0.016908073949327893,0.0,0
0.0,0.0,0.6191011235955056,0.0,0.4722292033174164,0.0,0.0,0.34852941176470587,0.0,0.0,0
1.0,1.0,0.37415730337078656,1.0,0.33400351847197784,0.0,0.16666666666666666,0.1,0.024349578357040744,0.30612244897959184,0
0.0,1.0,0.9719101123595506,0.0,0.01985423473234481,0.5,0.16666666666666666,0.004411764705882353,0.07746484096553544,0.0,0
0.0,1.0,0.8516853932584271,0.0,0.34656948982156316,0.0,0.0,0.42205882352941176,0.013565496559633922,0.0,2
0.0,1.0,0.3213483146067416,0.0,0.34656948982156316,0.0,0.0,0.0029411764705882353,0.11027245763075773,0.0,0
1.0,0.5,0.08089887640449439,0.0,0.007288263382759488,0.0,0.3333333333333333,0.07205882352941176,0.07222738817151159,0.0,1
1.0,1.0,0.46966292134831467,0.0,0.34656948982156316,0.0,0.0,0.3176470588235294,0.015126992566498259,0.0,2
1.0,0.0,0.23707865168539327,1.0,0.7738125157074642,0.0,0.0,0.14558823529411766,0.15614960068643363,0.061224489795918366,3
1.0,1.0,0.5573033707865169,1.0,0.18321186227695402,0.125,0.0,0.13970588235294118,0.028212719478023115,0.0,1
1.0,0.5,0.31797752808988766,0.0,0.005152048253329982,0.125,0.16666666666666666,0.027941176470588233,0.03659756266088288,0.0,0
0.0,1.0,0.8011235955056181,0.0,0.34656948982156316,0.0,0.0,0.7691176470588236,0.014110458666029575,0.0,1
0.0,1.0,0.5213483146067416,0.0,0.2837396330736366,0.0,0.0,0.6911764705882353,0.015330377421392339,0.0,0
0.0,1.0,0.2808988764044944,0.0,0.22090977632571,0.0,0.0,0.9264705882352942,0.016200521071217493,0.0,0
1.0,0.0,0.06853932584269663,1.0,0.4847951746670017,0.125,0.16666666666666666,0.7073529411764706,0.16231419173453318,0.5170068027210885,1
0.0,1.0,0.7348314606741574,0.0,0.2586076903744659,0.0,0.0,0.3205882352941176,0.016908073949327893,0.0,0
0.0,1.0,0.3224719101123596,0.0,0.34656948982156316,0.0,0.0,0.48676470588235293,0.015712553569072387,0.0,0
1.0,1.0,0.19662921348314608,0.0,0.39683337521990447,0.0,0.0,0.0029411764705882353,0.11027245763075773,0.0,0
1.0,0.0,0.24382022471910114,0.0,0.34656948982156316,0.0,0.0,0.4264705882352941,0.057970539254838485,0.35374149659863946,1
0.0,1.0,0.6910112359550562,0.0,0.24604171902488062,0.0,0.0,0.6338235294117647,0.015468569817999833,0.0,0
0.0,0.5,0.18426966292134833,0.0,0.19577783362653933,0.0,0.0,0.17058823529411765,0.020494635090094415,0.0,0
1.0,0.0,0.7258426966292135,1.0,0.37170143252073384,0.0,0.0,0.0661764705882353,0.060507970265993034,0.0,1
0.0,1.0,0.46516853932584273,0.0,0.4282483035938678,0.0,0.0,0.4426470588235294,0.012565163180236457,0.0,1
0.0,1.0,0.403370786516854,0.0,0.20834380497612465,0.0,0.0,0.9470588235294117,0.016908073949327893,0.0,0
0.0,1.0,0.4988764044943821,0.0,0.5224930887157577,0.0,0.0,0.2823529411764706,0.014736618564782174,0.0,0
0.0,1.0,0.8752808988764046,0.0,0.34656948982156316,1.0,0.3333333333333333,0.0014705882352941176,0.13575255909676825,0.0,0
0.0,1.0,0.9370786516853934,0.0,0.4345312892686604,0.0,0.0,0.21176470588235294,0.015411575213749286,0.0,1
0.0,0.5,0.34269662921348315,0.0,0.34656948982156316,0.0,0.16666666666666666,0.047058823529411764,0.06441171028315387,0.0,0
1.0,0.0,0.602247191011236,1.0,0.34656948982156316,0.125,0.0,0.06323529411764706,0.17391981561855152,0.17006802721088435,1
0.0,1.0,0.019101123595505618,0.0,0.04498617743151546,0.5,0.3333333333333333,0.0,0.06104473451835265,0.0,0
0.0,1.0,0.09325842696629215,0.0,0.9246041719024881,0.0,0.0,0.9897058823529412,0.015175789316712771,0.0,0
0.0,1.0,0.850561797752809,1.0,0.10781603417944208,0.125,0.16666666666666666,0.12941176470588234,0.029757819776815374,0.0,1
1.0,0.0,0.7292134831460675,1.0,0.19577783362653933,0.0,0.16666666666666666,0.4676470588235294,0.07690367833806856,0.5306122448979592,0
0.0,0.5,0.1955056179775281,1.0,0.5476250314149284,0.125,0.0,0.06764705882352941,0.050748620223090936,0.0,0
1.0,1.0,0.0955056179775281,1.0,0.22090977632571,0.0,0.16666666666666666,0.5955882352941176,0.018249984580226933,0.0,0
1.0,0.0,0.5393258426966293,1.0,0.5601910027645137,0.125,0.16666666666666666,0.11176470588235293,0.32179836714362564,0.0,0
1.0,0.0,0.9786516853932585,0.0,0.6355868308620256,0.0,0.0,0.675,0.051822148727810165,0.32653061224489793,0
1.0,1.0,0.45505617977528096,1.0,0.2963056044232219,0.0,0.5,0.011764705882352941,0.03758969818624431,0.0,1
0.0,1.0,0.7325842696629215,0.0,0.34656948982156316,0.0,0.0,0.9235294117647058,0.014110458666029575,0.0,1
0.0,1.0,0.9831460674157304,0.0,0.5099271173661725,0.25,0.0,0.5102941176470588,0.027537567642055148,0.0,0
0.0,0.5,0.6842696629213484,0.0,0.2586076903744659,0.125,0.0,0.39558823529411763,0.022446505098674838,0.0,0
1.0,0.0,0.501123595505618,1.0,0.5978889168132697,0.0,0.0,0.6676470588235294,0.050610427826483444,0.08163265306122448,0
0.0,1.0,0.8101123595505618,1.0,0.34656948982156316,1.0,0.3333333333333333,0.0014705882352941176,0.13575255909676825,0.0,0
0.0,0.5,0.0853932584269663,0.0,0.2963056044232219,0.0,0.0,0.7720588235294118,0.025374310111545468,0.0,0
1.0,0.5,0.006741573033707865,1.0,0.5224930887157577,0.0,0.0,0.6441176470588236,0.025374310111545468,0.0,0
1.0,0.5,0.950561797752809,1.0,0.33400351847197784,0.125,0.0,0.5235294117647059,0.027049600139910042,0.0,1
0.0,0.0,0.44044943820224725,0.0,0.38426740387031916,0.0,0.0,0.3264705882352941,0.09856123757927521,0.5374149659863945,0
0.0,1.0,0.18314606741573036,0.0,0.34656948982156316,0.0,0.0,0.7573529411764706,0.018542765081513996,0.0,0
1.0,1.0,0.907865168539326,0.0,0.04498617743151546,0.125,0.16666666666666666,0.054411764705882354,0.021730754366528396,0.0,0
0.0,1.0,0.39887640449438205,0.0,0.32143754712239253,0.0,0.0,0.9794117647058823,0.015411575213749286,0.0,0
1.0,0.0,0.9617977528089888,1.0,0.5853229454636844,0.125,0.16666666666666666,0.13676470588235293,0.10257896680493714,0.2312925170068027,0
0.0,0.0,0.3404494382022472,0.0,0.4093993465694898,0.0,0.0,0.4602941176470588,0.009759350042902102,0.23809523809523808,0
0.0,1.0,0.2898876404494382,0.0,0.5853229454636844,0.0,0.0,0.21764705882352942,0.017566830077223785,0.0,0
1.0,0.5,0.8146067415730338,1.0,0.34656948982156316,0.125,0.0,0.1602941176470588,0.04684488020593009,0.0,1
1.0,1.0,0.24831460674157305,1.0,0.18321186227695402,0.0,0.0,0.5279411764705882,0.014102260811993537,0.0,1
0.0,1.0,0.24943820224719104,0.0,0.24604171902488062,0.0,0.0,0.08676470588235294,0.019217721730481106,0.0,0
0.0,1.0,0.41011235955056186,0.0,0.2334757476752953,0.0,0.0,0.5470588235294117,0.015411575213749286,0.0,0
0.0,1.0,0.9056179775280899,0.0,0.34656948982156316,0.0,0.0,0.36617647058823527,0.015411575213749286,0.0,0
1.0,0.0,0.6202247191011236,1.0,0.6984166876099522,0.0,0.16666666666666666,0.1661764705882353,0.16231419173453318,0.6394557823129251,1
1.0,0.5,0.5831460674157304,1.0,0.3088715757728072,0.0,0.16666666666666666,0.12352941176470589,0.050748620223090936,0.0,0
0.0,1.0,0.8134831460674158,0.0,0.4093993465694898,0.0,0.0,0.8705882352941177,0.015411575213749286,0.0,0
0.0,1.0,0.6179775280898877,1.0,0.2711736617240512,0.0,0.0,0.9911764705882353,0.02052723131923771,0.0,0
0.0,0.5,0.9101123595505619,0.0,0.34656948982156316,0.0,0.0,0.4514705882352941,0.020494635090094415,0.0,0
0.0,1.0,0.8112359550561798,0.0,0.3088715757728072,0.0,0.0,0.8426470588235294,0.013760683560491965,0.0,0
0.0,1.0,0.7988764044943821,1.0,0.4847951746670017,0.0,0.8333333333333333,0.008823529411764706,0.05684821399990475,0.0,2
0.0,0.5,0.8820224719101124,0.0,0.33400351847197784,0.0,0.0,0.7867647058823529,0.025374310111545468,0.0,0
1.0,0.0,0.15393258426966294,1.0,0.2334757476752953,0.0,0.0,0.8985294117647059,0.05855610025741262,0.9183673469387755,0
0.0,1.0,0.6808988764044944,1.0,0.34656948982156316,0.125,0.3333333333333333,0.16176470588235295,0.04577135170121086,0.0,0
1.0,0.0,0.802247191011236,0.0,0.32143754712239253,0.0,0.0,0.5794117647058823,0.05855610025741262,0.9795918367346939,1
0.0,1.0,0.8831460674157304,0.0,0.39683337521990447,0.0,0.0,0.4970588235294118,0.015126992566498259,0.0,2
